-- phpMyAdmin SQL Dump
-- version 5.1.3
-- https://www.phpmyadmin.net/
--
-- Servidor: 127.0.0.1
-- Tiempo de generación: 14-10-2022 a las 23:53:53
-- Versión del servidor: 10.4.24-MariaDB
-- Versión de PHP: 7.4.28

SET SQL_MODE = "NO_AUTO_VALUE_ON_ZERO";
START TRANSACTION;
SET time_zone = "+00:00";


/*!40101 SET @OLD_CHARACTER_SET_CLIENT=@@CHARACTER_SET_CLIENT */;
/*!40101 SET @OLD_CHARACTER_SET_RESULTS=@@CHARACTER_SET_RESULTS */;
/*!40101 SET @OLD_COLLATION_CONNECTION=@@COLLATION_CONNECTION */;
/*!40101 SET NAMES utf8mb4 */;

--
-- Base de datos: `transportes`
--

-- --------------------------------------------------------

--
-- Estructura de tabla para la tabla `correlativos`
--

CREATE TABLE `correlativos` (
  `id_correlativo` int(11) NOT NULL,
  `correlativo` varchar(50) DEFAULT NULL,
  `modulo` varchar(50) DEFAULT NULL
) ENGINE=MyISAM DEFAULT CHARSET=latin1;

--
-- Volcado de datos para la tabla `correlativos`
--

INSERT INTO `correlativos` (`id_correlativo`, `correlativo`, `modulo`) VALUES
(1, '12', 'Manifiesto');

-- --------------------------------------------------------

--
-- Estructura de tabla para la tabla `encargado`
--

CREATE TABLE `encargado` (
  `id_encargado` int(11) NOT NULL,
  `nombre` varchar(150) NOT NULL
) ENGINE=InnoDB DEFAULT CHARSET=utf8mb4;

--
-- Volcado de datos para la tabla `encargado`
--

INSERT INTO `encargado` (`id_encargado`, `nombre`) VALUES
(1, 'Angie'),
(2, 'Pedro');

-- --------------------------------------------------------

--
-- Estructura de tabla para la tabla `tb_buses`
--

CREATE TABLE `tb_buses` (
  `id_bus` int(11) NOT NULL,
  `nombre_bus` varchar(100) DEFAULT NULL,
  `filaspiso1` char(3) NOT NULL,
  `filaspiso2` char(3) CHARACTER SET utf8 COLLATE utf8_spanish_ci DEFAULT NULL,
  `caracteristicas` varchar(255) DEFAULT NULL,
  `estado` char(1) DEFAULT '1',
  `placa` varchar(10) DEFAULT NULL,
  `id_usuario_creador` int(11) DEFAULT NULL,
  `fecha_creado` datetime DEFAULT NULL,
  `id_usuario_modificador` int(11) DEFAULT NULL,
  `fecha_modificado` datetime DEFAULT NULL
) ENGINE=MyISAM DEFAULT CHARSET=latin1 ROW_FORMAT=DYNAMIC;

--
-- Volcado de datos para la tabla `tb_buses`
--

INSERT INTO `tb_buses` (`id_bus`, `nombre_bus`, `filaspiso1`, `filaspiso2`, `caracteristicas`, `estado`, `placa`, `id_usuario_creador`, `fecha_creado`, `id_usuario_modificador`, `fecha_modificado`) VALUES
(56, 'Bus 42', '13', NULL, 'CAMION', '1', 'BFZ-738 ', 20, NULL, NULL, NULL),
(21, 'Bus 07', '13', NULL, 'MINIVAN', '1', 'F1G-950', 20, '2021-08-29 17:01:12', NULL, NULL),
(22, 'Bus 08', '13', NULL, 'MINIVAN', '1', 'BCB-564', 20, NULL, NULL, NULL),
(23, 'Bus 09', '13', NULL, 'AUTO', '1', 'BJR-071', 20, NULL, NULL, NULL),
(24, 'Bus 10', '13', NULL, 'AUTO', '1', 'AYY-322', 20, NULL, NULL, NULL),
(25, 'Bus 11', '13', NULL, 'CAMIONETA', '1', 'BNY-047', 20, NULL, NULL, NULL),
(26, 'Bus 12', '13', NULL, 'CAMIONETA', '1', 'ASI-248', 20, NULL, NULL, NULL),
(27, 'Bus 13', '13', NULL, 'CAMIONETA', '1', 'BPL-397', 20, NULL, NULL, NULL),
(28, 'Bus 14', '13', NULL, 'CAMIONETA', '1', 'AWT-047', 20, NULL, NULL, NULL),
(29, 'Bus 15', '13', NULL, 'AUTO', '1', 'ACS-479', 20, NULL, NULL, NULL),
(30, 'Bus 16', '13', NULL, 'CAMIONETA', '1', 'A6G-038', 20, NULL, NULL, NULL),
(31, 'Bus 17', '13', NULL, 'CAMIONETA', '1', 'AZK-250', 20, NULL, NULL, NULL),
(32, 'Bus 18', '13', NULL, 'CAMIONETA', '1', 'AAL-203', 20, NULL, NULL, NULL),
(33, 'Bus 19', '13', NULL, 'AUTO', '1', 'BEJ-098', 20, NULL, NULL, NULL),
(34, 'Bus 20', '13', NULL, 'AUTO', '1', 'T3O-490', 20, NULL, NULL, NULL),
(35, 'Bus 21', '13', NULL, 'AUTO', '1', 'AAW-127', 20, NULL, NULL, NULL),
(36, 'Bus 22', '13', NULL, 'AUTO', '1', 'C5N-226', 20, NULL, NULL, NULL),
(37, 'Bus 23', '13', NULL, 'AUTO', '1', 'BKI-068', 20, NULL, NULL, NULL),
(38, 'Bus 24', '13', NULL, 'AUTO', '1', 'C9D-072', 20, NULL, NULL, NULL),
(39, 'Bus 25', '13', NULL, 'CAMIONETA', '1', 'B9Q-050', 20, NULL, NULL, NULL),
(40, 'Bus 26', '13', NULL, 'CAMIONETA', '1', 'BDL-586', 20, NULL, NULL, NULL),
(41, 'Bus 27', '13', NULL, 'CAMIONETA', '1', 'BRI-145', 20, NULL, NULL, NULL),
(42, 'Bus 28', '13', NULL, 'AUTO', '1', 'AZR-485', 20, NULL, NULL, NULL),
(43, 'Bus 29', '13', NULL, 'AUTO', '1', 'D7G-601', 20, NULL, NULL, NULL),
(44, 'Bus 30', '13', NULL, 'CAMIONETA', '1', 'F0E-044', 20, NULL, NULL, NULL),
(45, 'Bus 31', '13', NULL, 'CAMIONETA', '1', 'A8Q-259', 20, NULL, NULL, NULL),
(46, 'Bus 32', '13', NULL, 'CAMIONETA', '1', 'AZH-564', 20, NULL, NULL, NULL),
(47, 'Bus 33', '13', NULL, 'AUTO', '1', 'B4B-600', 20, NULL, NULL, NULL),
(48, 'Bus 34', '13', NULL, 'AUTO', '1', 'D4Q-047', 20, NULL, NULL, NULL),
(49, 'Bus 35', '13', NULL, 'CAMIONETA', '1', 'BFK-416', 20, NULL, NULL, NULL),
(50, 'Bus 36', '13', NULL, 'CAMIONETA', '1', 'BHA-201', 20, NULL, NULL, NULL),
(51, 'Bus 37', '13', NULL, 'AUTO', '1', 'C5H-405', 20, NULL, NULL, NULL),
(52, 'Bus 38', '13', NULL, 'AUTO', '1', 'B8K-098', 20, NULL, NULL, NULL),
(53, 'Bus 39', '13', NULL, 'AUTO', '1', 'D6C-230', 20, NULL, NULL, NULL),
(54, 'Bus 40', '13', NULL, 'CAMIONETA', '1', 'AZW-427', 20, NULL, NULL, NULL),
(55, 'Bus 41', '13', NULL, 'AUTO', '1', 'D7D-608', 20, NULL, NULL, NULL),
(1, 'Bus 01', '12', '54', 'Color azul, asientos camas', '1', 'BOK-955', NULL, NULL, 20, '2019-01-04 00:00:00'),
(20, 'Bus 06', '12', '43', 'Color negro, marca mercedes', '1', 'B7B-969', 20, '2019-12-08 11:01:20', NULL, NULL);

-- --------------------------------------------------------

--
-- Estructura de tabla para la tabla `tb_buses_det`
--

CREATE TABLE `tb_buses_det` (
  `id_buses_det` int(11) NOT NULL,
  `id_bus` int(11) DEFAULT NULL,
  `estadodet` char(1) DEFAULT NULL,
  `piso` char(2) DEFAULT NULL,
  `asiento` char(5) DEFAULT NULL
) ENGINE=MyISAM DEFAULT CHARSET=latin1 ROW_FORMAT=FIXED;

--
-- Volcado de datos para la tabla `tb_buses_det`
--

INSERT INTO `tb_buses_det` (`id_buses_det`, `id_bus`, `estadodet`, `piso`, `asiento`) VALUES
(164, 1, '1', '1', '1'),
(165, 1, '1', '1', '2'),
(166, 1, '1', '1', '3'),
(167, 1, '1', '1', '4'),
(168, 1, '1', '1', '5'),
(169, 1, '1', '1', '6'),
(170, 1, '1', '1', '7'),
(171, 1, '1', '1', '8'),
(172, 1, '1', '1', '9'),
(173, 1, '1', '1', '10'),
(174, 1, '1', '1', '11'),
(175, 1, '1', '1', '12'),
(176, 1, '1', '2', '1'),
(177, 1, '1', '2', '2'),
(178, 1, '1', '2', '3'),
(179, 1, '1', '2', '4'),
(180, 1, '1', '2', '5'),
(181, 1, '1', '2', '6'),
(502, 17, '1', '1', '1'),
(501, 17, '1', '1', '2'),
(500, 17, '1', '1', '3'),
(499, 17, '1', '1', '4'),
(498, 17, '1', '1', '5'),
(497, 17, '1', '1', '6'),
(496, 17, '1', '1', '7'),
(495, 17, '1', '1', '8'),
(494, 17, '1', '1', '9'),
(493, 17, '1', '1', '10'),
(492, 17, '1', '1', '11'),
(491, 17, '1', '1', '12'),
(490, 17, '1', '2', '1'),
(489, 17, '1', '2', '2'),
(488, 17, '1', '2', '3'),
(487, 17, '1', '2', '4'),
(486, 17, '1', '2', '5'),
(485, 17, '1', '2', '6'),
(484, 17, '1', '2', '7'),
(483, 17, '1', '2', '8'),
(482, 17, '1', '2', '9'),
(481, 17, '1', '2', '10'),
(480, 17, '1', '2', '11'),
(479, 17, '1', '2', '12'),
(478, 17, '1', '2', '13'),
(477, 17, '1', '2', '14'),
(476, 17, '1', '2', '15'),
(475, 17, '1', '2', '16'),
(474, 17, '1', '2', '17'),
(473, 17, '1', '2', '18'),
(472, 17, '1', '2', '19'),
(471, 17, '1', '2', '20'),
(470, 17, '1', '2', '21'),
(469, 17, '1', '2', '22'),
(468, 17, '1', '2', '23'),
(467, 17, '1', '2', '24'),
(466, 17, '1', '2', '25'),
(465, 17, '1', '2', '26'),
(464, 17, '1', '2', '27'),
(463, 17, '1', '2', '28'),
(462, 17, '1', '2', '29'),
(461, 17, '1', '2', '30'),
(460, 17, '1', '2', '31'),
(459, 17, '1', '2', '32'),
(458, 17, '1', '2', '33'),
(457, 17, '1', '2', '34'),
(456, 17, '1', '2', '35'),
(455, 17, '1', '2', '36'),
(454, 17, '1', '2', '37'),
(453, 17, '1', '2', '38'),
(452, 17, '1', '2', '39'),
(451, 17, '1', '2', '40'),
(450, 17, '1', '2', '41'),
(449, 17, '1', '2', '42'),
(448, 17, '1', '2', '43'),
(447, 17, '1', '2', '44'),
(446, 16, '1', '1', '1'),
(445, 16, '1', '1', '2'),
(444, 16, '1', '1', '3'),
(443, 16, '1', '1', '4'),
(442, 16, '1', '1', '5'),
(441, 16, '1', '1', '6'),
(440, 16, '1', '1', '7'),
(439, 16, '1', '1', '8'),
(438, 16, '1', '1', '9'),
(437, 16, '1', '1', '10'),
(436, 16, '1', '2', '1'),
(435, 16, '1', '2', '2'),
(434, 16, '1', '2', '3'),
(433, 16, '1', '2', '4'),
(432, 16, '1', '2', '5'),
(431, 16, '1', '2', '6'),
(430, 16, '1', '2', '7'),
(429, 16, '1', '2', '8'),
(428, 16, '1', '2', '9'),
(427, 16, '1', '2', '10'),
(426, 16, '1', '2', '11'),
(425, 16, '1', '2', '12'),
(424, 16, '1', '2', '13'),
(423, 16, '1', '2', '14'),
(422, 16, '1', '2', '15'),
(421, 16, '1', '2', '16'),
(420, 16, '1', '2', '17'),
(419, 1, '1', '2', '7'),
(418, 1, '1', '2', '8'),
(417, 1, '1', '2', '9'),
(416, 1, '1', '2', '10'),
(415, 1, '1', '2', '11'),
(414, 1, '1', '2', '12'),
(413, 1, '1', '2', '13'),
(412, 1, '1', '2', '14'),
(411, 1, '1', '2', '15'),
(410, 1, '1', '2', '16'),
(409, 1, '1', '2', '17'),
(408, 1, '1', '2', '18'),
(407, 1, '1', '2', '19'),
(406, 1, '1', '2', '20'),
(405, 1, '1', '2', '21'),
(404, 1, '1', '2', '22'),
(403, 1, '1', '2', '23'),
(507, 17, '1', '2', '45'),
(506, 17, '1', '2', '46'),
(505, 17, '1', '2', '47'),
(504, 17, '1', '2', '48'),
(503, 17, '1', '2', '49'),
(556, 18, '1', '1', '1'),
(555, 18, '1', '1', '2'),
(554, 18, '1', '1', '3'),
(553, 18, '1', '1', '4'),
(552, 18, '1', '1', '5'),
(551, 18, '1', '1', '6'),
(550, 18, '1', '1', '7'),
(549, 18, '1', '1', '8'),
(548, 18, '1', '1', '9'),
(547, 18, '1', '1', '10'),
(546, 18, '1', '1', '11'),
(545, 18, '1', '1', '12'),
(544, 18, '1', '1', '13'),
(543, 18, '1', '1', '14'),
(542, 18, '1', '1', '15'),
(541, 18, '1', '1', '16'),
(540, 18, '1', '1', '17'),
(539, 18, '1', '1', '18'),
(538, 18, '1', '1', '19'),
(537, 18, '1', '1', '20'),
(536, 18, '1', '1', '21'),
(535, 18, '1', '1', '22'),
(534, 18, '1', '1', '23'),
(533, 18, '1', '1', '24'),
(532, 18, '1', '1', '25'),
(531, 18, '1', '1', '26'),
(530, 18, '1', '1', '27'),
(529, 18, '1', '1', '28'),
(528, 18, '1', '1', '29'),
(527, 18, '1', '1', '30'),
(526, 18, '1', '1', '31'),
(525, 18, '1', '1', '32'),
(524, 18, '1', '1', '33'),
(523, 18, '1', '1', '34'),
(522, 18, '1', '1', '35'),
(521, 18, '1', '1', '36'),
(520, 18, '1', '1', '37'),
(519, 18, '1', '1', '38'),
(518, 18, '1', '1', '39'),
(517, 18, '1', '1', '40'),
(516, 18, '1', '1', '41'),
(515, 18, '1', '1', '42'),
(514, 18, '1', '1', '43'),
(513, 18, '1', '1', '44'),
(512, 17, '1', '2', '50'),
(511, 17, '1', '2', '51'),
(510, 17, '1', '2', '52'),
(509, 17, '1', '2', '53'),
(508, 17, '1', '2', '54'),
(336, 1, '1', '2', '24'),
(337, 1, '1', '2', '25'),
(338, 1, '1', '2', '26'),
(339, 1, '1', '2', '27'),
(340, 1, '1', '2', '28'),
(341, 1, '1', '2', '29'),
(342, 1, '1', '2', '30'),
(343, 1, '1', '2', '31'),
(344, 1, '1', '2', '32'),
(345, 1, '1', '2', '33'),
(346, 1, '1', '2', '34'),
(347, 1, '1', '2', '35'),
(348, 1, '1', '2', '36'),
(349, 1, '1', '2', '37'),
(350, 1, '1', '2', '38'),
(351, 1, '1', '2', '39'),
(352, 1, '1', '2', '40'),
(353, 1, '1', '2', '41'),
(354, 1, '1', '2', '42'),
(355, 1, '1', '2', '43'),
(356, 1, '1', '2', '44'),
(357, 1, '1', '2', '45'),
(358, 1, '1', '2', '46'),
(359, 1, '1', '2', '47'),
(360, 1, '1', '2', '48'),
(361, 1, '1', '2', '49'),
(362, 1, '1', '2', '50'),
(363, 1, '1', '2', '51'),
(364, 1, '1', '2', '52'),
(365, 1, '1', '2', '53'),
(366, 1, '1', '2', '54'),
(367, 16, '1', '2', '18'),
(368, 16, '1', '2', '19'),
(369, 16, '1', '2', '20'),
(370, 16, '1', '2', '21'),
(371, 16, '1', '2', '22'),
(372, 16, '1', '2', '23'),
(373, 16, '1', '2', '24'),
(374, 16, '1', '2', '25'),
(375, 16, '1', '2', '26'),
(376, 16, '1', '2', '27'),
(377, 16, '1', '2', '28'),
(378, 16, '1', '2', '29'),
(379, 16, '1', '2', '30'),
(380, 16, '1', '2', '31'),
(381, 16, '1', '2', '32'),
(382, 16, '1', '2', '33'),
(383, 16, '1', '2', '34'),
(384, 16, '1', '2', '35'),
(385, 16, '1', '2', '36'),
(386, 16, '1', '2', '37'),
(387, 16, '1', '2', '38'),
(388, 16, '1', '2', '39'),
(389, 16, '1', '2', '40'),
(390, 16, '1', '2', '41'),
(391, 16, '1', '2', '42'),
(392, 16, '1', '2', '43'),
(393, 16, '1', '2', '44'),
(394, 16, '1', '2', '45'),
(395, 16, '1', '2', '46'),
(396, 16, '1', '2', '47'),
(397, 16, '1', '2', '48'),
(398, 16, '1', '2', '49'),
(399, 16, '1', '2', '50'),
(400, 16, '1', '2', '51'),
(401, 16, '1', '2', '52'),
(402, 16, '1', '2', '53'),
(557, 18, '1', '1', '45'),
(558, 18, '1', '1', '46'),
(559, 18, '1', '1', '47'),
(560, 18, '1', '1', '48'),
(561, 18, '1', '1', '49'),
(562, 18, '1', '1', '50'),
(563, 19, '1', '1', '1'),
(564, 19, '1', '1', '2'),
(565, 19, '1', '1', '3'),
(566, 19, '1', '1', '4'),
(567, 19, '1', '1', '5'),
(568, 19, '1', '1', '6'),
(569, 19, '1', '1', '7'),
(570, 19, '1', '1', '8'),
(571, 19, '1', '1', '9'),
(572, 19, '1', '1', '10'),
(573, 19, '1', '1', '11'),
(574, 19, '1', '1', '12'),
(575, 19, '1', '1', '13'),
(576, 19, '1', '1', '14'),
(577, 19, '1', '1', '15'),
(578, 19, '1', '1', '16'),
(579, 19, '1', '1', '17'),
(580, 19, '1', '1', '18'),
(581, 19, '1', '1', '19'),
(582, 19, '1', '1', '20'),
(583, 19, '1', '1', '21'),
(584, 19, '1', '1', '22'),
(585, 19, '1', '1', '23'),
(586, 19, '1', '1', '24'),
(587, 19, '1', '1', '25'),
(588, 19, '1', '1', '26'),
(589, 19, '1', '1', '27'),
(590, 19, '1', '1', '28'),
(591, 19, '1', '1', '29'),
(592, 19, '1', '1', '30'),
(593, 19, '1', '1', '31'),
(594, 19, '1', '1', '32'),
(595, 19, '1', '1', '33'),
(596, 19, '1', '1', '34'),
(597, 19, '1', '1', '35'),
(598, 19, '1', '1', '36'),
(599, 19, '1', '1', '37'),
(600, 19, '1', '1', '38'),
(601, 19, '1', '1', '39'),
(602, 19, '1', '1', '40'),
(603, 19, '1', '1', '41'),
(604, 19, '1', '1', '42'),
(605, 19, '1', '1', '43'),
(606, 19, '1', '1', '44'),
(607, 19, '1', '1', '45'),
(608, 19, '1', '1', '46'),
(609, 19, '1', '1', '47'),
(610, 19, '1', '1', '48'),
(611, 19, '1', '1', '49'),
(612, 19, '1', '1', '50'),
(613, 20, '1', '1', '1'),
(614, 20, '1', '1', '2'),
(615, 20, '1', '1', '3'),
(616, 20, '1', '1', '4'),
(617, 20, '1', '1', '5'),
(618, 20, '1', '1', '6'),
(619, 20, '1', '1', '7'),
(620, 20, '1', '1', '8'),
(621, 20, '1', '1', '9'),
(622, 20, '1', '1', '10'),
(623, 20, '1', '1', '11'),
(624, 20, '1', '1', '12'),
(625, 20, '1', '2', '1'),
(626, 20, '1', '2', '2'),
(627, 20, '1', '2', '3'),
(628, 20, '1', '2', '4'),
(629, 20, '1', '2', '5'),
(630, 20, '1', '2', '6'),
(631, 20, '1', '2', '7'),
(632, 20, '1', '2', '8'),
(633, 20, '1', '2', '9'),
(634, 20, '1', '2', '10'),
(635, 20, '1', '2', '11'),
(636, 20, '1', '2', '12'),
(637, 20, '1', '2', '13'),
(638, 20, '1', '2', '14'),
(639, 20, '1', '2', '15'),
(640, 20, '1', '2', '16'),
(641, 20, '1', '2', '17'),
(642, 20, '1', '2', '18'),
(643, 20, '1', '2', '19'),
(644, 20, '1', '2', '20'),
(645, 20, '1', '2', '21'),
(646, 20, '1', '2', '22'),
(647, 20, '1', '2', '23'),
(648, 20, '1', '2', '24'),
(649, 20, '1', '2', '25'),
(650, 20, '1', '2', '26'),
(651, 20, '1', '2', '27'),
(652, 20, '1', '2', '28'),
(653, 20, '1', '2', '29'),
(654, 20, '1', '2', '30'),
(655, 20, '1', '2', '31'),
(656, 20, '1', '2', '32'),
(657, 20, '1', '2', '33'),
(658, 20, '1', '2', '34'),
(659, 20, '1', '2', '35'),
(660, 20, '1', '2', '36'),
(661, 20, '1', '2', '37'),
(662, 20, '1', '2', '38'),
(663, 20, '1', '2', '39'),
(664, 20, '1', '2', '40'),
(665, 20, '1', '2', '41'),
(666, 20, '1', '2', '42'),
(667, 20, '1', '2', '43'),
(668, 20, '1', '2', '44'),
(669, 20, '1', '2', '45'),
(670, 20, '1', '2', '46'),
(671, 21, '1', '1', '1'),
(672, 21, '1', '1', '2'),
(673, 21, '1', '1', '3'),
(674, 21, '1', '1', '4'),
(675, 21, '1', '1', '5'),
(676, 21, '1', '1', '6'),
(677, 21, '1', '1', '7'),
(678, 21, '1', '1', '8'),
(679, 21, '1', '1', '9'),
(680, 21, '1', '1', '10'),
(681, 21, '1', '1', '11'),
(682, 21, '1', '1', '12'),
(683, 21, '1', '1', '13'),
(684, 22, '1', '1', '1'),
(685, 22, '1', '1', '2'),
(686, 22, '1', '1', '3'),
(687, 22, '1', '1', '4'),
(688, 22, '1', '1', '5'),
(689, 22, '1', '1', '6'),
(690, 22, '1', '1', '7'),
(691, 22, '1', '1', '8'),
(692, 22, '1', '1', '9'),
(693, 22, '1', '1', '10'),
(694, 22, '1', '1', '11'),
(695, 22, '1', '1', '12'),
(696, 22, '1', '1', '13'),
(697, 23, '1', '1', '1'),
(698, 23, '1', '1', '2'),
(699, 23, '1', '1', '3'),
(700, 24, '1', '1', '1'),
(701, 24, '1', '1', '2'),
(702, 24, '1', '1', '3'),
(703, 25, '1', '1', '1'),
(704, 25, '1', '1', '2'),
(705, 25, '1', '1', '3'),
(706, 25, '1', '1', '4'),
(707, 25, '1', '1', '5'),
(708, 25, '1', '1', '6'),
(709, 26, '1', '1', '1'),
(710, 26, '1', '1', '2'),
(711, 26, '1', '1', '3'),
(712, 26, '1', '1', '4'),
(713, 26, '1', '1', '5'),
(714, 26, '1', '1', '6'),
(715, 27, '1', '1', '1'),
(716, 27, '1', '1', '2'),
(717, 27, '1', '1', '3'),
(718, 27, '1', '1', '4'),
(719, 27, '1', '1', '5'),
(720, 27, '1', '1', '6'),
(721, 28, '1', '1', '1'),
(722, 28, '1', '1', '2'),
(723, 28, '1', '1', '3'),
(724, 28, '1', '1', '4'),
(725, 28, '1', '1', '5'),
(726, 28, '1', '1', '6'),
(727, 29, '1', '1', '1'),
(728, 29, '1', '1', '2'),
(729, 29, '1', '1', '3'),
(730, 30, '1', '1', '1'),
(731, 30, '1', '1', '2'),
(732, 30, '1', '1', '3'),
(733, 30, '1', '1', '4'),
(734, 30, '1', '1', '5'),
(735, 30, '1', '1', '6'),
(736, 31, '1', '1', '1'),
(737, 31, '1', '1', '2'),
(738, 31, '1', '1', '3'),
(739, 31, '1', '1', '4'),
(740, 31, '1', '1', '5'),
(741, 31, '1', '1', '6'),
(742, 32, '1', '1', '1'),
(743, 32, '1', '1', '2'),
(744, 32, '1', '1', '3'),
(745, 32, '1', '1', '4'),
(746, 32, '1', '1', '5'),
(747, 32, '1', '1', '6'),
(748, 33, '1', '1', '1'),
(749, 33, '1', '1', '2'),
(750, 33, '1', '1', '3'),
(751, 34, '1', '1', '1'),
(752, 34, '1', '1', '2'),
(753, 34, '1', '1', '3'),
(754, 35, '1', '1', '1'),
(755, 35, '1', '1', '2'),
(756, 35, '1', '1', '3'),
(757, 36, '1', '1', '1'),
(758, 36, '1', '1', '2'),
(759, 36, '1', '1', '3'),
(760, 37, '1', '1', '1'),
(761, 37, '1', '1', '2'),
(762, 37, '1', '1', '3'),
(763, 38, '1', '1', '1'),
(764, 38, '1', '1', '2'),
(765, 38, '1', '1', '3'),
(766, 39, '1', '1', '1'),
(767, 39, '1', '1', '2'),
(768, 39, '1', '1', '3'),
(769, 39, '1', '1', '4'),
(770, 39, '1', '1', '5'),
(771, 39, '1', '1', '6'),
(772, 40, '1', '1', '1'),
(773, 40, '1', '1', '2'),
(774, 40, '1', '1', '3'),
(775, 40, '1', '1', '4'),
(776, 40, '1', '1', '5'),
(777, 40, '1', '1', '6'),
(778, 41, '1', '1', '1'),
(779, 41, '1', '1', '2'),
(780, 41, '1', '1', '3'),
(781, 41, '1', '1', '4'),
(782, 41, '1', '1', '5'),
(783, 41, '1', '1', '6'),
(784, 42, '1', '1', '1'),
(785, 42, '1', '1', '2'),
(786, 42, '1', '1', '3'),
(787, 43, '1', '1', '1'),
(788, 43, '1', '1', '2'),
(789, 43, '1', '1', '3'),
(790, 44, '1', '1', '1'),
(791, 44, '1', '1', '2'),
(792, 44, '1', '1', '3'),
(793, 44, '1', '1', '4'),
(794, 44, '1', '1', '5'),
(795, 44, '1', '1', '6'),
(796, 45, '1', '1', '1'),
(797, 45, '1', '1', '2'),
(798, 45, '1', '1', '3'),
(799, 45, '1', '1', '4'),
(800, 45, '1', '1', '5'),
(801, 45, '1', '1', '6'),
(802, 46, '1', '1', '1'),
(803, 46, '1', '1', '2'),
(804, 46, '1', '1', '3'),
(805, 46, '1', '1', '4'),
(806, 46, '1', '1', '5'),
(807, 46, '1', '1', '6'),
(808, 47, '1', '1', '1'),
(809, 47, '1', '1', '2'),
(810, 47, '1', '1', '3'),
(811, 48, '1', '1', '1'),
(812, 48, '1', '1', '2'),
(813, 48, '1', '1', '3'),
(814, 49, '1', '1', '1'),
(815, 49, '1', '1', '2'),
(816, 49, '1', '1', '3'),
(817, 49, '1', '1', '4'),
(818, 49, '1', '1', '5'),
(819, 49, '1', '1', '6'),
(820, 50, '1', '1', '1'),
(821, 50, '1', '1', '2'),
(822, 50, '1', '1', '3'),
(823, 50, '1', '1', '4'),
(824, 50, '1', '1', '5'),
(825, 50, '1', '1', '6'),
(826, 51, '1', '1', '1'),
(827, 51, '1', '1', '2'),
(828, 51, '1', '1', '3'),
(829, 52, '1', '1', '1'),
(830, 52, '1', '1', '2'),
(831, 52, '1', '1', '3'),
(832, 53, '1', '1', '1'),
(833, 53, '1', '1', '2'),
(834, 53, '1', '1', '3'),
(835, 55, '1', '1', '1'),
(836, 55, '1', '1', '2'),
(837, 55, '1', '1', '3'),
(838, 54, '1', '1', '1'),
(839, 54, '1', '1', '2'),
(840, 54, '1', '1', '3'),
(841, 54, '1', '1', '4'),
(842, 54, '1', '1', '5'),
(843, 54, '1', '1', '6');

-- --------------------------------------------------------

--
-- Estructura de tabla para la tabla `tb_categoria`
--

CREATE TABLE `tb_categoria` (
  `id_categoria` int(11) NOT NULL,
  `codigo_categoria` varchar(50) NOT NULL,
  `nombre_categoria` varchar(255) DEFAULT NULL
) ENGINE=MyISAM DEFAULT CHARSET=latin1 ROW_FORMAT=DYNAMIC;

--
-- Volcado de datos para la tabla `tb_categoria`
--

INSERT INTO `tb_categoria` (`id_categoria`, `codigo_categoria`, `nombre_categoria`) VALUES
(4, '1', 'categoria1');

-- --------------------------------------------------------

--
-- Estructura de tabla para la tabla `tb_cliente`
--

CREATE TABLE `tb_cliente` (
  `id_cliente` int(11) NOT NULL,
  `id_usuario` int(11) NOT NULL,
  `id_tipo_persona` int(11) NOT NULL,
  `nombre_cliente` varchar(100) NOT NULL,
  `id_tipo_documento_identidad` int(11) NOT NULL,
  `n_documento_identidad` varchar(11) NOT NULL,
  `direccion` varchar(255) DEFAULT NULL,
  `correo` varchar(255) DEFAULT NULL,
  `telefono` char(9) DEFAULT NULL,
  `id_usuario_creador` int(11) NOT NULL,
  `fecha_creado` datetime NOT NULL,
  `id_usuario_modificado` int(11) NOT NULL DEFAULT 0,
  `fecha_modificado` datetime NOT NULL,
  `estado` char(1) DEFAULT '1',
  `edad` varchar(3) DEFAULT NULL
) ENGINE=MyISAM DEFAULT CHARSET=latin1 ROW_FORMAT=DYNAMIC;

--
-- Volcado de datos para la tabla `tb_cliente`
--

INSERT INTO `tb_cliente` (`id_cliente`, `id_usuario`, `id_tipo_persona`, `nombre_cliente`, `id_tipo_documento_identidad`, `n_documento_identidad`, `direccion`, `correo`, `telefono`, `id_usuario_creador`, `fecha_creado`, `id_usuario_modificado`, `fecha_modificado`, `estado`, `edad`) VALUES
(1, 1, 1, 'Gabriela', 1, '71452369', '', '', '', 1, '2022-05-02 00:00:00', 0, '2022-05-02 00:00:00', '1', ''),
(2, 2, 1, 'Gabriela', 1, '85420143', '', '', '', 2, '2022-05-04 00:00:00', 0, '2022-05-04 00:00:00', '1', '');

-- --------------------------------------------------------

--
-- Estructura de tabla para la tabla `tb_codumento_indentidad`
--

CREATE TABLE `tb_codumento_indentidad` (
  `id_tipo_documento_identidad` int(11) NOT NULL,
  `nombre_tipo_documento_identidad` varchar(100) NOT NULL
) ENGINE=MyISAM DEFAULT CHARSET=latin1 ROW_FORMAT=DYNAMIC;

--
-- Volcado de datos para la tabla `tb_codumento_indentidad`
--

INSERT INTO `tb_codumento_indentidad` (`id_tipo_documento_identidad`, `nombre_tipo_documento_identidad`) VALUES
(1, 'Documento Nacional De Identidad'),
(4, 'Carnet De Extranjeria'),
(6, 'Registro Unico De Contribuyentes'),
(7, 'Pasaporte'),
(8, 'Otros Tipo De Documentos');

-- --------------------------------------------------------

--
-- Estructura de tabla para la tabla `tb_control_asientos`
--

CREATE TABLE `tb_control_asientos` (
  `id_control_asientos` int(11) NOT NULL,
  `id_bus` int(11) DEFAULT NULL,
  `id_bus_det` int(11) DEFAULT NULL,
  `estado` char(1) DEFAULT NULL,
  `estado_general` char(1) DEFAULT NULL,
  `fecha` datetime DEFAULT NULL
) ENGINE=MyISAM DEFAULT CHARSET=latin1 ROW_FORMAT=FIXED;

--
-- Volcado de datos para la tabla `tb_control_asientos`
--

INSERT INTO `tb_control_asientos` (`id_control_asientos`, `id_bus`, `id_bus_det`, `estado`, `estado_general`, `fecha`) VALUES
(23867, 21, 671, '2', '1', '2021-10-01 00:00:00'),
(23868, 21, 673, '2', '1', '2021-10-01 00:00:00'),
(23869, 21, 674, '2', '1', '2021-10-01 00:00:00'),
(23870, 21, 680, '2', '1', '2021-10-01 00:00:00'),
(23871, 21, 681, '2', '1', '2021-10-01 00:00:00'),
(23872, 21, 678, '2', '1', '2021-10-01 00:00:00'),
(23873, 21, 676, '2', '1', '2021-10-01 00:00:00'),
(23874, 21, 675, '2', '1', '2021-10-01 00:00:00'),
(23875, 21, 677, '2', '1', '2021-10-01 00:00:00'),
(23876, 21, 672, '2', '1', '2021-10-01 00:00:00'),
(23877, 21, 679, '2', '1', '2021-10-01 00:00:00'),
(23878, 22, 684, '2', '1', '2021-10-15 00:00:00'),
(23879, 30, 734, '2', '1', '2021-10-01 00:00:00'),
(23880, 35, 755, '2', '1', '2021-10-01 00:00:00'),
(23881, 35, 754, '2', '1', '2021-10-01 00:00:00'),
(23882, 30, 730, '2', '1', '2021-10-08 00:00:00'),
(23883, 21, 674, '3', '1', '2021-10-08 00:00:00'),
(23884, 24, 701, '3', '1', '2021-10-09 00:00:00'),
(23885, 35, 754, '2', '1', '2021-10-09 00:00:00'),
(23886, 28, 721, '2', '1', '2021-10-09 00:00:00'),
(23887, 24, 702, '3', '1', '2021-10-09 00:00:00'),
(23888, 21, 671, '3', '1', '2021-10-14 00:00:00'),
(23889, 24, 700, '2', '1', '2021-10-23 00:00:00'),
(23890, 26, 709, '3', '1', '2021-10-23 00:00:00'),
(23891, 24, 700, '2', '1', '2021-10-28 00:00:00'),
(23892, 32, 746, '2', '1', '2021-11-07 00:00:00'),
(23893, 32, 742, '3', '1', '2021-11-08 00:00:00'),
(23894, 32, 743, '3', '1', '2021-11-08 00:00:00'),
(23895, 22, 691, '2', '1', '2021-11-20 00:00:00'),
(23896, 31, 736, '2', '1', '2021-11-27 00:00:00'),
(23897, 39, 767, '2', '1', '2021-11-27 00:00:00'),
(23898, 30, 734, '2', '1', '2021-11-27 00:00:00'),
(23899, 44, 794, '2', '1', '2021-11-27 00:00:00');

-- --------------------------------------------------------

--
-- Estructura de tabla para la tabla `tb_empresa`
--

CREATE TABLE `tb_empresa` (
  `id_empresa` int(11) NOT NULL,
  `razon_social` varchar(100) NOT NULL,
  `nombre_comercial` varchar(100) NOT NULL,
  `ruc` char(11) NOT NULL,
  `logotipo_empresa` varchar(255) DEFAULT NULL,
  `correo_empresa` varchar(255) DEFAULT NULL,
  `telefono_empresa` char(9) DEFAULT NULL,
  `direccion` varchar(255) DEFAULT NULL,
  `impuesto` int(2) NOT NULL,
  `moneda` varchar(6) NOT NULL,
  `id_usuario_creador` int(11) NOT NULL,
  `fecha_creado` datetime NOT NULL,
  `id_usuario_modificador` int(11) NOT NULL,
  `fecha_modificado` datetime NOT NULL,
  `imgpdf` blob DEFAULT NULL
) ENGINE=MyISAM DEFAULT CHARSET=latin1 ROW_FORMAT=DYNAMIC;

--
-- Volcado de datos para la tabla `tb_empresa`
--

INSERT INTO `tb_empresa` (`id_empresa`, `razon_social`, `nombre_comercial`, `ruc`, `logotipo_empresa`, `correo_empresa`, `telefono_empresa`, `direccion`, `impuesto`, `moneda`, `id_usuario_creador`, `fecha_creado`, `id_usuario_modificador`, `fecha_modificado`, `imgpdf`) VALUES
(1, 'Agencia de Viajes Turismos Regional', 'Expreso Lima E.I.R.L', '20605526382', 'img/1545079200_ht3.png', 'expresolima2019@gmail.com', '999999999', 'AV. ALFREDO MENDIOLA NRO. 4018 URB. NARANJAL - SMP', 18, '1', 1, '2018-11-23 00:00:00', 21, '2018-12-19 17:29:11', 0x6956424f5277304b47676f414141414e5355684555674141426477414141586343415941414141344e55786b41414141475852465748525462325a30643246795a5142425a4739695a53424a6257466e5a564a6c5957523563636c6c5041414141796870564668305745314d4f6d4e76625335685a4739695a53353462584141414141414144772f654842685932746c644342695a576470626a30693737752f496942705a443069567a564e4d4531775132566f61556836636d5654656b355559337072597a6c6b496a382b494478344f6e68746347316c6447456765473173626e4d366544306959575276596d5536626e4d366257563059533869494867366547317764477339496b466b62324a6c4946684e5543424462334a6c494455754e69316a4d544d79494463354c6a45314f5449344e4377674d6a41784e6938774e4338784f5330784d7a6f784d7a6f304d4341674943416749434167496a346750484a6b5a6a70535245596765473173626e4d36636d526d50534a6f644852774f693876643364334c6e637a4c6d39795a7938784f546b354c7a41794c7a49794c584a6b5a69317a6557353059586774626e4d6a496a346750484a6b5a6a70455a584e6a636d6c7764476c76626942795a47593659574a76645851394969496765473173626e4d366547317750534a6f644852774f693876626e4d7559575276596d5575593239744c336868634338784c6a41764969423462577875637a70346258424e545430696148523063446f764c32357a4c6d466b62324a6c4c6d4e7662533934595841764d5334774c3231744c79496765473173626e4d36633352535a575939496d6830644841364c793975637935685a4739695a53356a62323076654746774c7a45754d43397a56486c775a5339535a584e7664584a6a5a564a6c5a694d694948687463447044636d566864473979564739766244306951575276596d5567554768766447397a6147397749454e44494449774d5455754e53416f56326c755a47393363796b69494868746345314e4f6b6c7563335268626d4e6c53555139496e68746343357061575136526a6c454e5442464d546845516b59784d5446464f45497a4f5551344d7a46444e7a41314e5459774e6a4169494868746345314e4f6b5276593356745a57353053555139496e68746343356b61575136526a6c454e5442464d546c45516b59784d5446464f45497a4f5551344d7a46444e7a41314e5459774e6a41695069413865473177545530365247567961585a6c5a455a7962323067633352535a5759366157357a644746755932564a52443069654731774c6d6c705a4470474f5551314d4555784e6b5243526a45784d555534516a4d355244677a4d554d334d4455314e6a41324d434967633352535a5759365a47396a6457316c626e524a52443069654731774c6d52705a4470474f5551314d4555784e305243526a45784d555534516a4d355244677a4d554d334d4455314e6a41324d434976506941384c334a6b5a6a70455a584e6a636d6c7764476c76626a3467504339795a475936556b5247506941384c336736654731776257563059543467504439346347466a61325630494756755a4430696369492f5075484271516741415265555355524256486a61374e304876475233585462773335325a652b2f6537646d614c546e5a4a4a746b30374e706d35365151446f45704151534345304536534246704667414b516f7149456954634644416f4e4a5255544769764367696f596d676f726941524549676c4443306850643363695a6d435352734f544e33797666372b547a7675516e716d3331327554507a354e7a2f6d6672684433385941414141414144416e706b7975414d4141414141774a347a75414d414141414151414d4d3767414141414141304143444f774141414141414e4d4467446741414141414144544334417741414141424141777a75414141414141445141494d374141414141414130774f414f414141414141414e4d4c67444141414141454144444f344141414141414e4141677a7341414141414144544134413441414141414141307775414d414141414151414d4d3767414141414141304143444f774141414141414e4d4467446741414141414144544334417741414141424141777a75414141414141445141494d374141414141414130774f414f414141414141414e4d4c67444141414141454144444f344141414141414e4141677a7341414141414144544134413441414141414141307775414d414141414151414d4d3767414141414141304143444f774141414141414e4d4467446741414141414144544334417741414141424141777a75414141414141445141494d374141414141414130774f414f414141414141414e4d4c67444141414141454144444f344141414141414e4141677a7341414141414144544134413441414141414141307775414d414141414151414d4d3767414141414141304143444f774141414141414e4d4467446741414141414144544334417741414141424141777a75414141414141445141494d374141414141414130774f414f414141414141414e4d4c67444141414141454144444f344141414141414e4141677a7341414141414144544134413441414141414141307775414d414141414151414d4d3767414141414141304143444f774141414141414e4d4467446741414141414144544334417741414141424141777a75414141414141445141494d374141414141414130774f414f414141414141414e4d4c67444141414141454144444f344141414141414e4141677a7341414141414144544134413441414141414141307775414d414141414151414d4d3767414141414141304143444f774141414141414e4d4467446741414141414144544334417741414141424141777a75414141414141445141494d374141414141414130774f414f414141414141414e4d4c67444141414141454144444f344141414141414e4141677a7341414141414144544134413441414141414141307775414d414141414151414d4d3767414141414141304143444f774141414141414e4d4467446741414141414144544334417741414141424141777a75414141414141445141494d374141414141414130774f414f414141414141414e4d4c67444141414141454144444f344141414141414e4141677a7341414141414144544134413441414141414141307775414d414141414151414d4d3767414141414141304143444f774141414141414e4d4467446741414141414144544334417741414141424141777a75414141414141445141494d374141414141414130774f414f414141414141414e4d4c67444141414141454144444f344141414141414e4141677a7341414141414144544134413441414141414141307775414d414141414151414d4d3767414141414141304143444f774141414141414e4d4467446741414141414144544334417741414141424141777a75414141414141445141494d374141414141414130774f414f414141414141414e4d4c67444141414141454144444f344141414141414e4141677a7341414141414144544134413441414141414141307775414d414141414151414d4d3767414141414141304143444f774141414141414e4d4467446741414141414144544334417741414141424141777a75414141414141445141494d374141414141414130774f414f414141414141414e4d4c67444141414141454144444f344141414141414e4141677a7341414141414144544134413441414141414141307775414d414141414151414d4d3767414141414141304143444f774141414141414e4d4467446741414141414144544334417741414141424141777a75414141414141445141494d374141414141414130774f414f414141414141414e4d4c67444141414141454144444f344141414141414e4141677a7341414141414144544134413441414141414141307775414d414141414151414d4d3767414141414141304143444f774141414141414e4d4467446741414141414144544334417741414141424141777a75414141414141445141494d374141414141414130774f414f414141414141414e4d4c67444141414141454144444f344141414141414e4141677a7341414141414144544134413441414141414141307775414d414141414151414d4d3767414141414141304143444f774141414141414e4d4467446741414141414144544334417741414141424141777a75414141414141445141494d374141414141414130774f414f414141414141414e4d4c67444141414141454144444f344141414141414e4141677a7341414141414144544134413441414141414141307775414d414141414151414d4d3767414141414141304143444f774141414141414e4d4467446741414141414144544334417741414141424141777a75414141414141445141494d374141414141414130774f414f414141414141414e4d4c67444141414141454144444f344141414141414e4141677a7341414141414144544134413441414141414141307775414d414141414151414d4d3767414141414141304143444f774141414141414e4d4467446741414141414144544334417741414141424141777a75414141414141445141494d374141414141414130774f414f414141414141414e4d4c67444141414141454144444f344141414141414e4141677a7341414141414144544134413441414141414141307775414d414141414151414d4d3767414141414141304143444f774141414141414e4d4467446741414141414144544334417741414141424141777a75414141414141445141494d374141414141414130774f414f414141414141414e4d4c67444141414141454144444f344141414141414e4141677a7341414141414144544134413441414141414141307775414d414141414151414d4d3767414141414141304143444f774141414141414e4d4467446741414141414144544334417741414141424141777a75414141414141445141494d374141414141414130774f414f414141414141414e4d4c67444141414141454144444f344141414141414e4141677a7341414141414144544134413441414141414141307775414d414141414151414d4d3767414141414141304143444f774141414141414e4d4467446741414141414144544334417741414141424141777a75414141414141445141494d374141414141414130774f414f414141414141414e4d4c67444141414141454144444f344141414141414e4141677a7341414141414144544134413441414141414141307775414d414141414151414d4d3767414141414141304143444f7742777332355a544f646c63575a5a3737706a6c766575693372584a5a6d466d5a6e4d584761326c2b72723664372f584b66335039764b4c50304a2f312f4f396637336438634e6d522f3076763536356f6539665032575830376d75356c765a4c36662b57626d4f373138732f656666374f58363366342b6c75393631666e4c74392b677a385641414141374171444f77434d6d643577766a717a6432624644746e724e746556742f6e724f6533396947716f2f3970507946637a2f3575354c764f56337466583972372b79747a6c32373235416741416d4641476477415941643279614563396f472b49656b78664837654f366d737961337466722b71462b584654314f50376c7a4c585a4c34593953442f786435662f302f6d4339562f506e663539687656425141414d46344d376741777a337033704663442b735937794c704d5731746a6f787262712f483938373173332b48365831586d4c742f2b545455424141434d466f4d374150525a747979714d3879723058792f3232542f7a4b616f782f597054584562315a45312f356e35584f3961355438792f35373567714e7241414141686f2f42485141613043324c367547666d7a4d485a5137736658334c714635452f53425261457231384e647166502b33714166344b702f4a664772753875316656513841414d44384d4c6744774537716c6b56314633703170336f3171682f637539377939615a4d5330734d6765724d2b45396e2f6958714566365455512f78313667474141436776777a754148416276574639552b61497a4b475a77337570376c786671434647564856457a6364372b5554762b69397a6c322f2f746d6f414141436159584148594b4a3179324a4433447173563964715744386b73306737544943624d702f4e6643527a64652f366b626e4c74312b6e476741416746316e63416467496e544c6f704f584c5a6d7476527a6475793758447679597a32632b6e506c6f356b4f5a667a4c43417741412f4851476477444754726373716d4e666a6f7862522f5571316433724337514475363136534f732f5254334156376c3637764c7458625541414144637975414f77456a7233626c2b564f62347a416d5a6256486679653442707442664e305a39424d332f362b5544633564762f364a614141434153575a774232436b644d74696339546a656a577356774e37646665364f3964684f477950656e7a2f2b3877484d682b6675337a3754576f424141416d68634564674b48564c5976717761556e5a6b374a6e425431304c35534d7a417976705a35663951442f46565248304e7a6f316f41414942785a5841485947683079324a64586b364e656d4376557432393374594d44507337796b3745394a4b5961692b4f31737979694d37436d2f4a765868382f2f4d4758622f72654e7a2f2f772b393836542f6a42392b384a75714873663746334f586276364130414142674c443865476477426d412f6473706a4b7979475a302b4c576758312f7a6341386d31345755374f726f37566764563558524d78556637306b576a4e4c4932615833667a586b5639507a6534565577755735392f7235616637544f62766f6e6665652b62666c41304141497762677a734141394d74692b7068706d646d7a75356456326b464271413946314e7a47364b316348314d4c56695658362b4b566a57574c316a3566326b74584a33582f4b2f6b394d4a422f564e64472f58772f726452487a667a38597a7a33674541674a466d6341656762336f504f44307a6331597661375543445a765a4b396f4c39346d707562306a4671374e723164487a4b32352b657657346e56357a622b2f594d556f2f4570754f652b39477543724f2b47767a6a6a764851414147436b47647741613079324c39586d355339546a656e55582b7761747742367142765646525578566f2f7269646446616c5038315737776870685a6c6c75367a733865356a4b4a765244323876792f7a56356c505a4c78784251414168707242485944643169324c42586b3550584e753145503745567142335868444e72632b576f763369366e462b30613747744758464447315a4e2b59576c714d3836432b713734633966422b537a367645674141594f672b33786e63416467563362493450432f6e524432795632503741713341547068654675316c683862556b6b3352726f6230573062315a6674467a437a527a363672487272366c3733385464523378414d41414d7772677a734164366862466b756a487463766948706f5836385675494d33567776326a746253677a494852477635706f6a7175746542455976574b61642f6668443141316a2f724a655071775141414a69587a3451476477427571317357422b546c72706d4c6f72364c66566f726342737a79364f39374c426f4c542b6f4874535848566866522b4d427065507569356b2f7a37776e3839655a723673454141415942494d37414e584133736e4c715a6b4c6f7837614439594b33504a75715233744a5166463150497430613447395a734839767976794e4a3964544d6162737a38666562746d58646c2f6c306c41414241337a3543477477424a6c4f334c4a626c35667a4d785a6e7a4d70374d434b335a6143382f504b5a57484262744659666b39644359717362313659573647522b667a72777a3834374d42364d65354145414142706863416559494e32795742503148657a337a4a79646d64454b452b7532342f724b367573744565315a3355794f367a4c766a6e7038723436677555456c414144416e6a433441347935626c6b5555642f46586f337370325661576d4543332f4a45612b6e42305671354e647172446f75705655635a31376d7437305439774e5733526e30482f5055714151414164766e54703845645950783079324a4c587536652b5a6e4d38527068347379736a4d374b59364f39366f694954477631316f6746652b6d466e66574471422b322b72624d6e32612b724249414147426e474e7742786b53334c44626c3562365a6532654f305167543948596d326b735069616e5678305a377a645a6f7254347159766d4261714570315a766c443253757a4c776c6334314b41414341322f3245616e414847463364736c69666c2f744550625276307769543865366c452b30567830527264575a4e5a75317845584f72394d4967334a53354b757268335a3376414144416a33396b4e6267446a4a626567302b726f3249757a5a786166532f58436d4f7450526674565364465a3833524557754f6939616172524854692f5443664b764739372b4d656e79767a6e332f716b6f41414143444f384149364a5a4674533557492f76394d33634f447a356c6e4c566d6f373171573354574842657839375a6f725433477730305a6474575a37395544562f38773834377132375a4b414142674d686e6341595a557479797155663373714566326532626330737559766875706a6f67354e6c707274305672377850796571773732426c6c33346a36754a6c716648396631486643417741416b2f4952312b414f4d4679365a58465958693750584a625a6f4248475566575130396265703052722f636b336a2b7778733151706a4b4d765a6434593966682b74546f414147443847647742686b43334c4e626d35583552442b31624e634c596d646b724f6d74506a2f61366b364b31346253494a66766f68456e7a6963775655592f762f36734f4141415954775a3367486e534c597432587337505044527a5561616a4663626e4855593732697450694d37654a385855686c4e6961765857694a592f3468443165652f7679627775382b374d393155434141426a3948485934413477574e32793244387644386b384f4c4e654934794e6d52585257586432744465654671304e70306373574b455475474e666966714f393270382f3567364141426739426e63415161675778594c3876497a55642f4e66705a47474266745a596448612f305a306470345a76327755336578772b3736353879724d6d2f4b66464d64414141776d677a75414833554c59736a382f4b7771422b417570644747486d7432656973505350614730364e3173593752537a64567966517247396c727379384d764d68645141417747677875414d307246735773336d35562b626e4d36646f684a453376545136362b385337593133697462474d794a6d6c2b6b454275506a6d64646b337043355868304141444438444f344144656d577861613850447a7159324e5761345352666f4f77594732304e35775437654c73614b302f4f614b3951436b776a7938786d54646e5870623569446f4141474349503038623341463258376373576e6b35502b713732532b6f76713971685a4639553742342f2b6873504364612b357a7450485959587455784d792f502f46486d4f2b6f41414941682b3278746341665964643279574a6d586e3433366a7662394e4d4c497668465975436b3678586e52336e522b544b335a716841594864646c587064355265592f31514541414550794f6476674472447a756d5678574634656c336c4178686b626a4f614c6632396b622b3137626e306e4f7a444b716a667a663562356e637866397634614141435972382f63426e65414f395974692b71596d4f72596d4d646e37714952527649466632354464505935503171627a6f76573369636f424d625470364d6533717548724e3667446741416d49665033775a33674a2b735778614c38334a3531486530483651525273374d38756a736339646f37336468744e61666d482b6a70524f5944462f4c7643627168367875567763414141794f775233674e72706c73573965486833314765334c4e634a49616331475a2f323530643776676d67565a3057306e587745452b7a477a46737a7635333567446f41414b442f444f3441506432794f436f7654386c636b6d6c72684246364f592f326d744f69732b6d436d342b4d6951557256414c633167637a4c347036674c394a48514141304b645036415a33594e4a31792b6f3234486879356a78744d464976346f735069706b44376847742f6538577357516668514137347a387976355635586655537141344141476a3473377242485a684533624b6f44724f2b5a39523374422b6e45555a475a306c30397230343267666333634e506754317858655a336f7a376e2f567031414142414d777a75774554706c7356633141394366564a6d733059596b5a66722b736959616d5466393979496d535571415a72796e637a765a3136592b57393141414441486e36434e3767446b364262466f756a66684471457a4a724e4d4a49764567763344646d3972394874413634523853792f52514339465031674e552f7a4c776738796c3141414441626e36574e376744343678624673767a38726a4d597a49724e634c77767a4b336f37502b76476766654b396f6254776a6f7458524354424931596544743265656c2f6d514f6741415942632f31687663675848554c59745665586c734c3873307774432f494664337378397772326764654b2b497852735541677944763834384a334f564b6741415943632f33787663675848534c59765665666d4671492b505761515268767456324e337377456a34323879765a393672436741412b436b663951337577446a6f6c73573676447731382f444d416f307731432b2b433962467a4f623752657567653775624852676c2f356a356c637966717749414147376e4d372f424852686c76614e6a6e705a355a426a6147584c7456536446352b424c6f3758707650794c575955416f3872774467414174385067446f796b33734e516e787a31413145644863507761692b497a7237336a4d374239347570315566714178676e686e6341414c674e677a73775572706c73546a714d39716645423647796a432f7743376346445056336579623778557874306f6877446a37514f595a3465477141414267634164475137637335764c79324b6a76616c2b7045595a566538327030646c796562534b4f3373494b6a42702f6a72713466306656414541774b517975414e44725673574d31452f435057584d6e7472684f46384e653145703767344f6f63384d4b6257484b3050594e4b394b2f4f737a4e57714141426730686a63676148554c597570764e776e38397a4d415270684b453076692b6e4e6c305a6e79325552537770394150796f743253656e766c33565141414d436b4d37734451365a624657586c3551655934625443554c35364c396f755a36746959366e7a3257593853414c67444e325a656c586c32356b76714141426733426e63676148524c59736a382f4c387a506e615942693139396f616e554d66477133394c6e412b4f3843757553487a57356e6679487844485141416a4375444f7a4476756d56526e63565233666e32674f72376b6b59594e7530315a30546e73496445613538374b514e677a317a586538312f52655a3736674141594e7759334946353079324c70564766376672597a414b4e4d4751766b64485a65464630446e7477544b313175684641777a36582b63584d6c526b66534141414742734764324467756d5852797374444d382f4a724e4549772f584b32496e4f706e7648394f45506a746872697a34412b7573664d6b2f4d664641564141434d41344d374d46433942364a575a37676571513247536d733270672b344c447148507a52697954373641426973743253656d766b76565141414d4d6f4d37734241644d74696331352b4d334f784e6867712f7a65302f327a456b6f3336414a672f315a6e754c386b384e334f394f6741414745554764364376756d57784c432f50794477754d363052686b5a374c71595066474230446e3167784f494e2b674159486c2f4a5044507a3673794e36674141594a51593349472b324f476339756f757464556159576a634d72525852386373584b7350674f4831736167667250352b565141414d436f4d376b446a756d56785846352b4e334f434e686761686e61415558566c35736d5a37616f414147445947647942786e544c596b5665666a337a633958334634307746466f7a4d5833412f614e7a784d4d6348514d77776d387a4d692f49764c44334e514141444357444f37446e6e3442765054376d655a6d56476d4534744b4b7a2f2f31692b6f6966693169326e7a6f4178734e2f5a3536592b564e56414141776a417a7577423578664178442b4e49576e58337647644e4850694a697234505541544365336850312b65366656515541414d5045344137736c6d355a4c492f366a766148682b4e6a47424b6444526647394e47506a6c68356d444941787439334d382f76355476714141426747426a63675633574c59744c3876493747552b655a4369305632364c7a74596e526d763953636f416d447a2f4766586437753957425141413838336744757930626c6e736d3564585a4d3758426b507849726234774a6a5a2b677652327538435a51447731737a6a4d70395842514141383858674476785533624c6f5248336e324c4d7a437a5843764c39344c5667624d3063384a6c6f4858524c526e6c5549414c66345675615a6d5a646d626c5148414143445a6e4148376c43334c49374e7936737a57375842764f737369746b7444342f5734512b4a6d466d71447742757a34656a6673374d52315142414d4167476479426e366862466f756a76714f3975724f397052486d2b6555714f76746647744e6238342f6a6f6e58714147426e564865342f33626d6c7a4d3371414d416745457775414d2f706c73576438724c3732633261595035316c357a526b77662b365359576e32554d6744594864737a503539356a796f41414f6733677a76776637706c555a3352385a755a68326d4465582b425772782f7a47783969676569417443554e3062396b337658715149416748347875414d33363562464f586c3554575966625443764f6b7469746e6f673670624c493659396f786541526e306c38366a4d6c616f41414b4166444f34773462706c7354777676354835575730777a79394a30546e672f6a463939474d69467532744467443636653152487a507a4a565541414e416b677a744d7347355a584a695856325857613450353146357858457966384d795957724e564751414d7974637a6a382b3850754e44455141416a544334777754716e64582b6b737744746347386d6c6b567330632f4b5670623770742f30644948415050684c7a4d50795878424651414137436d444f307959626c6d636b5a6379553269442b644f4b366330506a4d34786a34745973454964414d7933572b3532763049564141447343594d375449687557637a6d35626d5a4a31622f3364634938365739636c744d482f2f306d46707a744449414744627679447738633430714141445948515a336d414464736a67714c322f49484b454e3573334d69706a642b74526f4858784a4f443447674348323163776a4d6d39524251414175387267446d4f735778625671766e6b7a4b396c5a6a5443664f6c737569536d6a38732f696776584b414f415556454e376a2b6675553456414144734c494d376a4b6c75576579586c39646e54744d47382f5969732f6a416d446e6856364b3130523944414562536c7a49507a7679464b67414132426b476478684433624b344e432b2f6c316d6944655a4661795a6d4433316b74493534524d5430516e30414d4f70656d6e6c4b356a7571414144676a686a635959783079324a78377750686737544266476d764f53316d746a307a59713874796742676e48777163316e6d6f366f41414f4432474e78685448544c596d7465337077355342764d693836536d44336d3664486163742f7755465141787454334d732f497643687a6b7a6f41414c6774677a754d7547355a544f586c635a6b586841656a4d6b383636382b4c36573350696c697955526b4154494b724d672f496645455641414473794f414f493678624671767a636b586d416d30774c325a57784f78787a347a57356e7671416f424a3839576f48366a36446c55414148414c677a754d7147355a6e4a32584e32545761595035304e6e6e376a4639776939464c4e70624751424d7370646c6e68776571416f4151426a635965523079364936484c73364f2f53587730485a7a4d634c78344b39592b61345a3056722f347555415143316a3257716835683857685541414a504e3441346a70467357712f4c7968356c7a744d46383642512f453950626e68457874306f5a4150436a76703135544f6233565145414d4c6b4d376a4169756d5678556c36757a4867714a594e586e64562b2f4b39473634434c64514541643679364f6549526d572b704167426738686a6359515230792b4c7865586c685a6c6f624446706e33546b7866644b7652697a656f41774132446d667964773738776c564141424d466f4d37444c46755753794e2b73655337366b4e4271367a4b47615065556130746c796d43774459646455524d342f4b584b454b4149444a59584348496455746979507a3869655a7a647067304e717254346d5a6b33383959746c2b7967434150584e4635704856327a74564141434d50344d37444b467557567753395a337443375842514c576d592f624958346a5734542b58583366304151444e2b4754555238783857685541414f504e3441354470467357376277384c2f4e6b62544477463454464238547371532b4b715458484b414d416d6c633952505642556638454977414159387267446b4f695778597238764c6d7a4632307761423139723830706f392f577354734d6d554151482b394d504e4c6d5274564151417766677a754d4152363537572f4c65504162415a72656c6e4d626e74757450612f6d793441594844656c376c76356c70564141434d46344d377a44506e74544e66626e347736696e506a316936727a49415950432b6b4c6c6e356b4f714141415948775a336d436539383971666d336d714e686a77742f36595066774a305472363052364d4367447a3633755a6645474f5636734341474138474e7868486e544c596b6c65337069355342734d394a762b67725578632f4b4c6f3758784e475541775042345a65617855512f774141434d4d494d37444669334c4b727a4f3936524f56496244464a37375a6b78632b6f4c4968617455775941444a2f335a2b36642b624971414142476c384564427168624669666d3565325a4e647067674e2f7148534544414b4e68652b62697a456456415141776d677a754d43446473726866586c36586d645547412f736d3777675a414269357434325a4232577556415541774f677875454f2f507a475678565265666a587a54473077534f30315a38544d61533930684177416a4b5a663737312f76456b564141436a772b414f66645174693456523339562b48323077534e4f4850436f36787a34786f6a57744441415958572f4c584a623574696f41414561447752333670467357712f50797a737732625441776e555578652b4a765247762f69335142414f5068367378644d3139554251444138444f345178393079324a7a5876347373316b6244457072365a615950654d6c45587474555159416a4a63765a61702f6d2f345256514141444465444f7a5373577862564865337679717a53426f5053325869336d44376c4f52477a79355542414750364e6a50713432586571676f41674f466c6349636d507757567863563565564e6d5468734d5269746d742f35697449353468436f4159507856483936656c6e6d424b67414168705042485272534c5974483575576c555332674d416a5479324c32314a64476135387a645145416b2b57316d657266747639414651414177385867446e756f57785a5465586c6535716e6159474466764a63634841767539504b4935516371413062444e364b2b4d37567966653936552b2f762f7a517a6d5955372f4855377332534872786572467962536e3266756e666d574b674141686f664248665a417479797145615336772b6a2b326d42514f75764f69656e5458686978594955796f482b2b6c376b756332336d71356d76527a325558372f44313764637635333554752b76713274317a6e49317048383363384f67766a5645506278505a786246725350396f7437667236354c65316d3877392f667135666c4f3378647864466f4d4271757a6c775939554e564151415941675a3332453364737169476a4c646b4c744147677a4b39355248524f6534704561324f4d6d445856556376584a503559755a2f6f68366f76704435333136716766307276612b2f4f65466456594e394e6278582f325a7664575a4e3141384472374c324e6c2b763766336e77507a596e6a6b2f38796c564141444d50344d3737495a7557537a4c7937737a7032694467576a4e787579323530587277487670416d356664596635353649656e7a35336d31516a2b35666a316d4e6461465a315a3330317a472b4d656e7a6645505551767a367a542b2f76562f476a4f64432f373339337a31796c436743412b575677683133554c59747151486876356b68744d4a4276314c4e725976624d5638545532754f56416656524c662f5779372f33637376583136746e3646564831525278367742665a642f4d70737a2b76663973576b3277573734663954474856366f434147442b474e78684633544c6f686f447172483941473077434f326c6838624d6e5634527357772f5a54427076706235524f615455522b5438432b39363564564d395a615564385676326d48564e38414e2f6579586b5677683671484d54382b38314a564141444d44344d37374b5275575279526c7a2b4c2b73666b6f652f6161382b4b6d544e65374f476f6a4c74714850703035694e52502f7a76593147503639656f68702b67656e354b39532b394e39386d42305639747a78516533626d57576f4141426738677a76736847355a62497436624e394c477778435a2f2f4c5976716b58346c6f7a79714463584a6a31486574667a6a716362306132542b652b625a71614d4469714966334c5a6d44643768576632394f5055796731325165306676654377444167426a633461666f6c73565a65586c6e3148665651622b2f4c63667355552b4a316c47505567586a6f4c704c2f52393253445730333641574276364e7454346e2f72444d6f6231726c554d79693954446d48747235744c4d64315142414443674479414764376839766248395865484f4f4161685052757a4a37346f576766635452654d7175706f6d4c2f4e58425831775034356c54444d3734506a5234663436756934493374666533417234365436766e787835757571414141597741634e677a76385a4e32797146625050386f7330415a394e374e587a4a3778796d69744f3145586a49727144555231484d7a665254336d564c6c574c597942616d79766a714d35636f63636c566d6e476b62595032557539483061414b442f444f3777452f5447396a384f6437677869472f456378746a77646d766a5668786944495964702f502f47586d4c7a4a2f6e626c4f4a557951565a6d746d614d7a782f617531666e7755367068524877796331376d69366f41414f6766677a76635272637337706558313465786e51466f4c7a30305a73352b5663535351686b4d6f2b706870752b4c656d522f62395248786743337168375557743339666b7a55592f78785552394a3031594e512b717a6d62746b2f6b735641414439595843484858544c34724b386c4a6d574e756933397171545975617356305173574b454d68736e32714a3964555430732b6d38793331554a374a4c7175532f564348394331415038385a6d447735337744492f714476633768332b4a4367445146775a33364f6d577859507938746f77746a4d416e5130587866547076786b787656415a7a4c66716a6343486f783759333548356d45716763557569506f626d2b4636325a66786f452f50704b356c7a4d6c65724167436757515a33434865324d3169647a512b4d36524f666c582f616e467245764b6c652f442b5175544c7a4a356e2f55516b4d58505551316d703450374758366d373452577068674c345239656a2b6a366f414147694f775a324a5a32786e6b4b5950655652306a6e2b71497067504e3258656e2f6e544d4c4c444d4b724f665438386268336754386b63714262367a4f674f414e4177677a73547266654131443849597a73444d48765555364a31314b4d5677614239755064393773325a2f3155486a4a54566d5a4f6a48742b72564d66537a4b7146686c576a2b34575a76316346414d43654d37677a7362706c636265382f484847755237302b3174747a4237334b394536394d47715946412b6c2f6e447a4273796e3145486a4931716244386d63327255412f787047552f657070473378706d4c4d753954425144416e6a47344d356d664b497a74444f79376244746d74373077576766645778663032376569766f763969737a2f692f7163646d444d5832557968305539774a38523951432f51533373376c766b4d4c6f44414f7a356d3353444f78503353634c597a714330706d50326c4a64476137384c6445452f6654447a32716a483968765541524e7676387a7055592f765a32594f55416d37386c59356a4f344141487645344d356b6659496f693750793871374d6e44626f712f5a737a4a372b366d6a7463365975364966726f6a36582f54575a54366f4475414d626f78376562346b426e702f366c6a6d4d37674141753833677a7552386369694c62586e357138786962644258786e623670336f413673756976707639752b6f4164734f4f412f7a5a6d553071345365396451366a4f774441626a47344d786d66474d7269694c7a385457616c4e7569727a754b59506633336f725878644633516c4f396e726f7836615038486451414e327854313846366c2b6b6e41745372686c7266517654385848315146414d444f4d37677a2f703855796d4c2f764c772f5045534d6671764739724f75694e62654a2b69434a6c79546555586d6c5a6e2f56516377694d384755542b45396335526a2b2f5667316958716d576966534e7a5475596656514541734a4e76716733756a4c4e7557617a4c79392b46383072704e324d377a666c30356a637a6238683854783341664c36365a5937503343587130665845544673744538666f4467437743777a756a4b317557657756395a337468327544766a4b32303477505a4636516558666d4a6e5541513268353148652b6e3563354e314f6f5a474a384c657166655069454b67414137706a426e6248554c597546555a2f5a6267476c76347a74374c6d33527a32304f794d58474456626f6837657135795a6d56504a574c733263334c6d5031514241484437444f364d6e57355a7a4f546c6e56482f36437630543374427a4a373942385a32646b66313476756e6d65646d726c59484d4159575a45364e2b753733366a335945536f5a53312f4d6e4a543576436f4141483479677a746a7056735731634f2b666a2f7a49473351562b335a6d443339316448613530786473437571463930724d372b572b5a513667444732506d36392b373136434f744b6c59794e7a3062394c316575555155417749387a75444e57756d5878374c773851785030397a746e4a32625065465730696a76726770316c6141636d5753747a624f61437a49575a343670585537574d7445394766597a5164616f4141506852426e6647527263734870365833394d452f66327532596e5a553138577266307530415537367a325a7032632b716771416d36334e6e4a2b354b4f726a5a35616f5a4352394b4f7148364e36674367434157786e63475176647371672b73465550486d7870677a352b79347a5a6b31386372633333564155376f336f493669396d3371384b674e74565058766e744b6a483937746e4e716c6b704c77336339664d393151424146417a75445079756d57784c53392f6b356e5442763030752b324630547234766f7267702f6d58714f396f663773714148625a6b5645503733654c2b686761687438665a65345839664670414141547a2b444f534f75577865616f37794a6470513336615862724c3058726945636f676a74796265615a6d64646b626c5148774237624a2b72682f52365a4d7a49646c5179746c3251657077594141494d37493678624669756a48747350314162394e48334949364e7a2f4338716774767a2f637a765a4a36542b626f36415070695264544465335833653358752b34784b6873367a4d7339574177417736517a756a4b52755756516673716f7a49382f514276335532652f536d4437743138506a41626764316245785438723868796f41426d5a5a35734a4d3956435636696e6d433151794e423457395539364151424d4c494d3749366c6246712f4e79304d30515439314e6c7759303364365355527257686e633172396d487031356e796f413574586971422b34576a316b35667877352f743875796e715934446572516f415946495a33426b3533624a34536c35656f416e367162336d314a67352b7a555230777556775939384338723857755a465552386c41384477714f353872386265537a4c6e686a5066352f4f313876544d6831554241457769677a756a396536394c4b6f505557384e35337651522b336c5238544d4f572b49574c424347657a6f485a6e485a7635624651424472336f527234366375537a713858644b4a5150313563794a6d6639534251417761517a756a497875575279646c372f504c4e49476666756d4f4c6378467078335a6353536a6372674674737a6a346c36634164673946517636706632637051364275597a6d5a4d7a583155464144424a444f364d6847355a374a32584432583230515a3930316b53632b6465476248794d4631517156346758354a35657559476451434d686570462f763552332f6e756657582f5654664c33446e7a58565541414a5043344d375136356246624637656e7a6c42472f54767532456e5a753930526251326e71344c4b74566465512f4e6645415641474f704f70377754706b48526e33306a496532394d2b5655542f553167645041474269336d6a4373487435474e767073396c747a7a653255376b78366f637956306459476473427874644e6d622f4f584a355a6d336c7735716f774376664466544c5055514d414d436e633463355136356246492f5079753571676e32595066324b306a6e6d38497668453569475a4436734359474a74696e7038722b4c496d57593949504d4861674141787033426e6148564c597454382f4b2b7a4c5132364a664f6676654c36644e656f496a4a5672305176696a7a6a4844474c4143313669654237354c3532637a644d6a4d713257506679357756666f494d4142687a426e6547557263733175586c49356d397455472f744665664844506e584a46664c46444735507038314d634a584b554b4147374871716a767a6e355935684231374a46726f7a3471386e4f71414144476c6347646f644d74692b6f4f6f722f4e6e4b674e2b76624e622b476d5748444248306373584b4f4d796658477a4b4d7931367343674a31305775626e4d76664f7a4b706a7433777163334c6d36366f41414d6152683659796a463457786e623671624d6f46707a31653862327956554e3750664c58426247646742327a64394666626637687379544d762b6d6b6c3132614f5a4e6d6259714149427835413533686b71334c4b6f66315832564a756a6a7437325950663256306470306e696f6d307a396c4c736e386c796f41614f534e5263535a6d55646e4c67346a387137346a637854314141416a4e306252494d3777364a62466b666e35522f436a2b665352374e4850793161522f363849695a54395744557032572b72776f412b6d426a35754652487a6e6a782b6832547658545a6d39554177417754677a754449567557537a4c7934637a6d3756427633513258524c54702f2b4749696250317a49507a4c78544651414d515055386f6e74466664663753657134343438426d564d7a48314546414441756e4f484f73486874474e76706f2f614b59324c3670463956784f5370666d716d2b756b5a597a7341672f4b39714f2f617268344d656e7a6d44384a505639326575637862773038454141426a784233757a4c7475575652332f377855452f544e7a4b71597579412f797933645678655470586f4138785044794148412f4675586557546d455a6c563676677837382f63325773324144414f444f374d7132355a6e4a43587634763652322b6844316f78653962726f3758784446564d6a753947505768636f516f41687379437a4b575a4a32514f563865502b4e326f6a2b454241426870426e666d54626373396f7236764d5a4e327142665a72662b5572534f654951694a7363584d6a2b542b5364564144444d6e384d79353261656c446c6248662f6e4156456677514d414d4c707639417a757a496475575651664d7634306333647430432b646a58654c36624e65706f6a4a6356586d50706c7256514841434e6d612b59584d4a6458626c776e763474755a457a4f66384d6343414268564870724b66486c55474e7670357a6533705674692b70546e4b474a797644787a6c7a4332417a42367273376350374e2f3573575a47796134693456523335537a7a42384c4147425575634f6467657557525856653559637a733971674c396f4c592b36437430587374555558342b2b6d7a4f4f69666b417141497944465a6e48394c4a79516a76494e3349334878486e77796f414d48494d3767785574797971423056394b484f454e756958325a4e2f4b31716237366d493866664e7a48307a3731454641474e6f63655a6e4d302f4d37444f42762f366e5a6c376f6a7745414d476f634b634f677653434d37665252353444374739736e772f624d71574673423242386653767a32356e4e6d59646b506a7468762f376e5a633777787741414744587563476467756d567866686a48364b5032306b4e69356f492f6a70685a6f6f7a78567632557a4d575a61315142774153704871686150566a31365a6c444a7554582f4b584d305a6b762b2b304841456146775a3242364a62466d72783849724e47472f52466579376d7a6e39627849704464444865716e3970642b2f4d7431554277495371666b723550706d6e5a59366367462f765832537147336438634155415275624e477652567479796d38764b364d4c62545237504850397659507636756950724f646d4d37414a4f73656d44346d364f2b382f73656d592b4f2b612f33334b6a506377634147416b4764776268357a4d587149462b365779364a466f4833556352342b3335555a39662b774e56414d444e716a752b333559354a756f37337639316a482b747a346e3632533041414550506b544c3056626373446f7a367270754632714176333851573778384c4c737a506d72504c6c54472b48702f3548545541774232363561695a5a3856346e76482b686378526d612f367251594168706e426e6237706c6b5831707639767739306f3950467a3565773556305a7237784e554d5a362b6e336c41356f3955415143373841597034724c4d4c32634f474c4e66327a756a506c374f68316741594b6a666a45472f5043364d37665452374f47504d3761507232707376316359327746675631566e764c386863326a6d6b5a6c7278756a586474656f6a36734541426861376e436e4c37706c735358716f32526d7455452f744665654544506e76796d694e61324d4d6677576b726b6f387a3556414d41656d3873384e756f486a2b343142722b653732534f7a587a4b627930414d49774d376a537557786274764877677330306239455637596378642b4b3649355a74314d58362b45665750696c2b6c4367426f565058416d79646e6e68443143442f4b5070367066737a7875333562415942683430675a2b714636493239737032396d6a33325773583038565750374f5746734234422b7544377a39457a314a7571316d5274482b4e64795a4f6235666b73426747486b446e63613153324c772f50797a356b5a626441506e5130587866545a4c3166452b506c4b3573365a6a366b4341416269734b6848363474472b4e6477627561396669734267474669634b637876614e6b50706735586876307863794b6d4c76726e306373326c735834365736732f32737150396c48514177574b646e58687a317565696a356b755a497a4c582b573045414961464932566f30715044324534667a52377a644750372b4c6e6c47426c6a4f77444d6a2f663333734e666e766e696950327a72387538776d38684144424d334f464f4937706c5565546c55356c46327141664f757650692b6b3776306f52342b5757736630665651454151324668356b6d5a70347a592b2f72375a6437737477384147416275634b63704c77396a4f2f3079737a796d542f786c50597958627562694d4c594477444435647562584d67646c5870385a6c62757a666a657a336d38664144414d444f37737357355a584a4b58437a56427638776538387949785273554d5562664e714a2b514e7456716743416f66512f6d51646c546f7a522b4a666a4b7a4b763974734741417744523871775237706c735664652f6a577a5668763067364e6b7873354e6d58746b3371454b4142694e7a3478526e2b2f2b2f4d797750307a6e35384c774467444d4d3365347336642b4d347a743945746e6355787665355965787374447739674f414b4f6b756b4f724f6c366d4f6d626d685a6e76442f452f3634737a6d2f79574151447a7965444f62757557785a6c356559676d364a665a6f3534557357536a497362484c32537555414d416a4b52765a7036614f544c7a563050367a376734552f316f354a54664c674267766a6853687433534c59744f586a36614f55776239454e377862457863384662496c6f645a597948367366516e3659474142676231584f63716a764b682f46687064564e51612f7a577751417a4165444f37756c57785a507a4d754c4e45462f74474c422b572b5071645648715749387644627a734b682f4a4831334c4d6d3031556a504454486378786b41544a4c714e626f362f2b2f786d574736532b4c726d554f6a66766772414d424147647a5a5a643279574a65587a2f54655945506a7072633850446f6e50463052342b48646d59737a4e2b376d2f2f35633574724d496c5853737a6e7a57545541444a58444d362f4d6e4478452f3078767a397a64627730414d476a4f634764335641394b4e62625446314e7a2b30546e364d636f596a7863486657506d392b34422f38334c67686a4f37663653426a62415962524a7a4f6e5a683665755835492f706b7537723050415141594b494d37753652624671666c35564a4e3043387a4a7a77722f352b6c696868396e38396346505878483376693371706b4232395241634451716e3530756e7067365a624d6d34626b6e2b6c6c6d56562b6177434151584b6b444475743936445566383463715133366f62502b334a692b383673564d66712b4566566462702f59772f38376a7050687468776e417a41367a6f6e366d4a6c4e382f7a503866724d672f783241414344346735336473556a7739684f333734627a63543063552f52772b6a375165592b7365646a653856784d757a49635449416f2b57396d634d79763532356152372f4f523659755a50664467426755417a75374a527557617a4f79374d315162394d482f7977694f55484b6d4c305053727a4677333933334b63444474796e417a4136506c3235676c5250307a31582b62786e2b506c6d566d2f485144414950782f3975344454717279334f5034733332587a716a596d41474651536e32676d315241796f614645747361456a54464463784a7562476d4a68596b6869546d35365959766f6b3052735657396147556851726169776741674d49444656673644764c317675387a686a4864575a5a32446e6e764f664d372f76352f4f394a754c67372f70634d4f382b2b387878577971424c557247492b536231437a51425235364971766556366f6c5439575651583872774e374d6e7456423376475764444470696e517a676e41704a6e305147737333584e4262773431567176716d3550764f663358616a3568612b7241414177476b4d334c46547156686b754b5458513554524270785164634c507048546f42525468627a4d6b76617531705541667a2f7942754a64616b574857795278464459426a4a6d6f656f415a6b4d66646a4761445a346344484871583571776650362b626678617a48584d6958467741414f496d564d75694b2f78574737584249325a3748532b6e5138796a4333355a4b6576314c5377452f4a75746b6b493142494f4373793667414854776b7a677a626a626d61347a5133614a70632f4863794b32562b79356357414141346a5250753646517146686d726c7964704167343942556e312b41656c5a4d4468564f4666327a5848533246756b707239676e694473453447377a5076744a70504459416a7a44363374634a2b61337a51787a52545850673835725437507a534875666a7664716e6d2f2f6753417741417033444348586d6c5968487a352b4f6e4e41476e6c412b366b4747372f3032577767376244624f61686d4537336d4e4f516a4a734235786a566e67786245633238385030523178386a6a394763374d55397031796e666d4a706a64665a6741413442514737756a4d4a79573935784277344e6d6e5369714f2b4249392b4e76334e666335384845766f6c706b755a734b414564645467586f6f4636546376487a4e5774756b7651373568613438506e323033794c4c7a4d414148414b4b32575155796f574d61644c3435703961514e4f71426a2b42536b2f356e714b384b2f706b6a364a336c72676a32744f5762366a3655504679474364444f43632f54554a383571414b704446725855797556527266716935327548505934623868346737413334414146426b4f4f474f664b345668753177536d562f4b542f6b632f54675836736b76662b303159475062596234444e76784874624a414d36614a417a62385546757270504a7056487a5a6330347a516f4850302b46356864387551454167424d59754f4e44557248496e70496575414f4f714272314a5a4871454558346b396d766572476b5436453767585579794d59364763425a6c3145424f6e42376e55772b3079533932764965427a2f48475a727a2b4a494441494243592b434f584c34756e444346513070364869436c4230326943502f366875595a687a36325753647a4468556a797a31554144686d704f5977616b414839316e3057445a4b2b6766786e3562307958736e2f465453613277414141414b686f453750694156693567314d747a4a456f3670504f78716b596f65464f4650393264656d44714664544c493971617754675a77456a644c5255646d6e63736a466a36757632674f31377a6b774d6365724c6d474c7a30414143676b4275376f364e76434b513834704b7a5043436b3963434a462b4e4e537a616330547435706d3355797948592f4651434f4d5876626562735a4f6a4c44396d325750725a466d684d3150334467653546766176626d79773841414171466754762b4b78574c484b43584b32674354696b2f3949763672464e4f4566356a626f3571397678756476427a734534474862472f4858424f72535a4344656a41396a56657a5a49656a707433784b3074344d667472626d464c7a3841414367554275374964714f6d67687267684c4b2b6f365430774c4d6f77703975316a7a6e384f64676e5179794c64444d6f5162414d6477734652325a64544c31506e6d7354307236687170504650426a666b5a7a4348384d414142414954427778377453736367497655796d4354696c2f504272654d72784a334f44314674642b4479736b3045326270594b4f4b654b35317a6b59504d366d567a6530597a5858432f70642b4a3156356e6d4a2f77784141414168634430432b2f356a7154336551494656785936536b6f486e5534522f724e4a306a742b5778332b504b7954515565736b77476359393575316f3861304d4739506e7a4d625a72624e474d304b77767738553754664a512f436741416f4c7359754f4f39302b326364494a6a33743364446a2b3655704e7734664f4d4539624a344832736b77476378546f5a644e516b36525075666d58573368307568566b78637875766b514541514866787a51534d62776d6e322b47517374417855686f5a5378482b38326478373754622b64534e4c4b7954415a7a5456334d324e61434471654c736a644864734637534b32624d6657666175764678526d6b2b7a68384a4141445148517a636931777146686d716c347470416b34704833556c4a6669504f64582b465a632b6c376c5238336c556a6979736b7747636336476d6b686f51304f64644d32692f53644b44393358642b4469335348726448514141774735683449357653766f6d515544426c66555a4b6157443264337551352f536248487063356d33502f536e636d51734574624a414535696e5177364d75746b4867725976354e5a4c584f555a765a752f764d527a56583830514141414c754c67587352533855693570764a79326b4354696b66645156504d2f377a47383030467a2f666856534f4c464f6f4148444d514d334a3149414f6772424f4a68667a626a317a4d39552f3775592f62315a7539755750427741413242314d776f71624f64316551513177516b6e5077564a367741534b3842647a75766736467a386636325451456676624165644d4575375a6777384c38687176485a4b2b4162773541644b30692f2f734870717638636344414144736a704c32396e5a614b454b705747526676537a52564e4d476e4642317a50656b6450686b69764150383565424f666b347938585061586173506b72317944422f4a773268427341787232734f70515a6b6164487370646c5542502b7578326a756b2f5137506270717532617770472f4943674141304757636343396535735147773359346f71523662796b642b6a474b384a6566694c7644646f4e314d736a47365862414f614f455954732b7a4b79513231516b2f3634765358726f2f7477752f444d394a66324f5941414167463343774c30497057495273342f77737a51427031516539416d526968345534522f6d5a50474e4c6e394f31736d674977627567484d2b5467586765566657614537562f476b582f706b766150626c6a776f41414e6756444e794c6b786d32393649474f4b4b73576b716a463947447633784f302b44793578797236552f317944412f39486d464767444876742b665241336f774b7954756238492f37334e4c6e657a302f314c6d5135327872776a2b44722b7541414167463339426878464a42574c6d464f6c56394d456e46492b2b454b5248674d6f776a39696d6963392b4c79736b304532547263447a686b6a7537613347735842724a4e4a4676472f2f36383170327332647548336d6f4d4a6e48494841414264787343392b467a456979343471574c34355a5467482b596d59462f31346f2b4a73453447483854414858444f5a5651416e6e647a6d71455a72566d346b39396e54726e6651463041414b4372474c67586e363952415a7853767339596b64427769764350617a516250506938724a4e42746f537754675a77537058776a694a38574b7355357a715a584f4b61347952393472387a56326f6931415541414c714367587352536355695a7368314f4533414b575844755365626a7a79752b6164486e2f7343366b6357546c6b437a766d6f706938316f494f6e704c6a587958526b3173716371666c394a372f487644755067307341414b424c474c67586c363953415278374d756c7a734a53475436454966326a55664d476a7a31326d6d63695841466b597541504f59633862654e37746d6d624e3579553956472f503833764d4b66653971516f41414f774d412f63696b5970467a4a36507332674354716d4958734a54696e2f3851504f3252352f37464d316566416d515964624a7645674e67435036536671454f35437454584d664e65543145306d765955726c2b502b5a586535666f534941414c417a544d654b527830567744466c31564936354678363849636c6d6839352b506e5a4a5978733570526c4f7a55416a6a3366566c49444f706970655963614f6a56463878464a3331792b6f36736b2f634d734141434176426934463446554c4e4a624c354e70416b34706a35776e5568326943482b34577449725a62786731736d637a3563415756687241446a6e4d696f417a3775373751584e614d334344722f654f2f4f39464141415146344d33497644355a6c76446746486c41323769424c3834642b61687a33382f4b6349363254775074624a414d344a61385a51417a70676e6379754d65384b5046487a664964664e775033587451444141447959654265484c35414258424b57623944705854766f796a4366755a552b356339666779736b30453231736b417a706d6b4b6145476450434d7345356d56356d314d754d3039566d2f746f656b6236414b41414351457750336745764649755a303079453041616555527a6e6437684e6533696a56594a304d4f7070434259426a506b3446794f46654b7467744452707a7336492f5a2f33614e656262594b6f42414143354d4841507671756f414934703679476c4235784e442f5a6272766c666a782f444b63493647627876746154333477496f764d4d3049366b42485a6833465047447a74335871766d4d3570624d6634384937397744414142354d48415073465173737264776f68514f4b6f394d464b6e7554784832753934384a586a3847486852696d786d364e4e474459416a75466b71636e6c5773346f61757531477a5a63792f2f6c6136674141414c6b776341383273317577676872676c4c49444a6c43432f575a7237764c366a347277777a3938304e315541446a327666306b616744507534373674655a797a61475366676366414144414235533074334f2f7369424b78534c6d426463537a53446167434e50486a3069557632787034576632316e764a456d6661765053574d325466436d515964624a4442524f75414e4f4f46557a6e5272515158766d655a6354376f566c5470354d316e424449774141384148633643573454684747375844797957507752474859626a317a6337526e4c586763724a4e424e74624a414d35686e51787965553459746a756858724e4a7334396d44585541414944334d484150726b395441527839386868794469585972556c7a6e515750772f7855356a792b484d6a435767504147565843447a6952322f3155344a686e714141414148544538645141537355696659563979584251576567596b6634485559546466696e7074564a654f31457a674338484d7377366d57657041584445325a6f2b314941633771454341414141397a427744365a4c4e445855414b655548386a4e5569323357664e395378344c653032526a58557967484e594a344e635874517370775941414144334d484150706b3952415278545569616c677a394b4433613754644937525733344f2b594376687a49636838564149376f727a6d4c4770414470397342414142637873413959464b78794843396a4b594a4f4b5673774d6b6950646751596a467a3036356657504a597a44715a66666d5349474f64356d6c7141427868336b315553513349675945374141434179786934427738335334576a7967654e6f77533766566554737553787345344732637a70396c5a7141427a424f686e6b776a6f5a41414141447a4277443542554c464b6d6c387470416f34783632516970394f4476525a722f6d6a5233792b736b304532546c6b437a68696b716155473548412f46514141414c6950675875776e4b4c5a687872676c4c49425931676e593765624e45325750426257795343625753637a6b786f4152307969417552784c785541414143346a3446377346784b425842536566685553724458484d3264466a306531736b67472b746b414f6677376b626b3868394a762f4d4e414141414c6d506748684370574b52434c2b6654424a7854497157447a7141476533314830326252337932736b30453231736b417a6a68634d34496177504d75414143415052693442386434545839716746504b396a70427043636251697a316d755a4269783450363253516a58557967484f34575372795965414f41414467455162757758454a4663424a35514e507067523733617870742b6a78734534473256676e417a6a3366547a373235454c36325141414141382f6b59645070654b525772304d70456d344f6954786342544b4d464f623468647039745a4a344f4f487141437742486d4c2b623971414535544b454341414141377a427744345a7a4e443270415534703658576753502b444b634a4f50784337547263664c3679547766733261715a52412b41496270614b664f366a41674141414f387763413847316a6641556558376e6b6f4a646e704c6337646c6a346d624e7950622f5a706d6167414b726c70344e7846796d36755a54773041414144655965447563366c59704964657a71494a4f50704577663532573932696162506f385a526f4c75544c67697a6374413977686e6c3359783971514135335577454141494333474c6a3733786d53507555454f4b4f387035547564787739324d6647302b326a4e57472b4e4d68676e517a676e4d756f41486e7767303441414143504d58443350323657436b65563733327153426b2f303748516a385775302b3047703975526a58557967444e436d6a4f7041546d7754675941414d4143444e78394c42574c6c4f6e6c624a71416b387232505a5953374c4e4b38772f4c486850725a4e4152707977425a3568373931525141334a676e51774141494146474c6a375736326b547a6b427a6a314a374873434a646a6e5a356f6d79783454363253516a58557967484d7570774c6b635438564141414165492b4275372b6453775677556b6e4e2f694c396831474558545a72666d2f68342b4a304f3749394a4b7954415a777757484d694e534348425a4a654b514d41414143504d5844334e7762756346545a41463754572b69336d713257505362577961436a4b5651414f47495346534150316e674241414259676f4737543656696b6350314d6f676d344354327431746e682b5958466a347531736b673278624e56476f41484d4536476554442f6e59414141424c4d48443372334f6f4149342f516578375043585935572b614e52592b4c6b36334935745a4a374f44476f43434f30497a6e42715167316b6e4d34636141414141374d444133622f4f6f41493471615458554a4865484671327a4539742f4b4d69444e7a78515a7979424a7878475255674439624a414141415749534275772b6c5970462b656a6d4f4a75436b736747736b37484d3435492b7757596231736b67472b746b414f652b5a32642f4f2f4b356c776f41414144732b7559642f6a4f57727832635672626e6f5a52676c39737466567758384b56424674624a414d3539373763764e5343484a5a725871514541414d416544473339615477567750456e6877464855494a644c365966747653786e632b5842316c594a774d3467335579794964314d674141414a5a68344f355037472b4873797237693453344c35744666714e70732f4278486155356b4338504d6c676e417a696a52766a684a764a6a344134414147415a4275342b6b3470467a42535566636c7756506b657831434350526f30663762307358477a564752375246676e417a6a6848453176616b414f356831777231414441414341585269342b772b6e322b47347372335933323652757a51624c583173444e79526a5a7632416335676e517a793458513741414341685269342b772f37322b473850646e66626846625437657a5467625a746b7636684475417774704463795931494138473767414141425a69344f346a7156696b58432b314e41466e6c5567704a397874456463385a2b6c6a34335137737457627636616f41536934697a546c31494163457349364751414141437378635065586f7a55397141464f4b756b31524b53714c30585934613857507a594737736a474b557641475a645441586a6542514141384263473776357943685841615758395231474348646f314d557366472b746b6b4931314d6f417a44744363514133496734453741414341705269342b3873594b6f4454796b4c444b4d454f54327057575072594f4e324f624b7954415a77786951715168316b6e387949314141414132496d4275302b6b59704579765a78494533426361415164324f4776466a38324275374978696c4c77426d736b30466e7a377674314141414147416e4275372b6359536d447a58413853654650555a53677663614e51395a2b7468594a344e73446349364763414a3572343942314d44387541486e51414141425a6a344f3466724a4f42343070713968507073546446654d384d4d4c645a2b746734335935736a776e725a41416e5845594679474f6c734534474141444161677a632f594f424f787858316f3862706c7269506f736632775638655a4346553561414133386461793668427552787637424f4267414177476f4d334830674659755543414e33754b436b7a32424b384636547047394361614e444e4550354569476a3065492f713443666a645873517733493432347141414141734273446433385970756c504458443843614876415a546776616d617a5a592b746f76343869434c7a6175504144396a6e517a79576131356c686f414141447378734464483436684172696944774e3343396838636f333937636a474f686d6738476f3035314d443870696961614d4741414141757a467739346652564142586e684436735333455932596e36794f57506a617a54755967766b5449594a304d3449794a6d6c3755674478594a774d41414f4144444e7a3934566771674f4d71397844704d594165765057535a6f4f6c6a3431314d736a474f686e41475a645441664a676e517741414942504d48433358436f577164544c34545142703558314755594a336e7655347366474f686c6b5935304d5548683761733667427554786b4c424f4267414177426359754e7650444e73727151464f4b2b6e4e2f6e594c324470775a35304d736a5670487159476f4f444d4f346e4b7151463538494e4f414141416e324467626a39756d4170586c5058656e784b385a56624a7647547059324f64444c4a4e3157796c4271446757436544664e5a705a6c494441414341507a427774783833544955376575314842393479513078623379724f4f686c6b34365a39514f454e3052785044636a6a506b30724e51414141506744413366376363496437756a42774e316a543172367546676e6732786d6e63784431414155334756556745367754675941414d4248474c68624c42574c564f736c53684e7735636d673930424b384e62546c6a347531736b676d336b6e786d5a714141714f67547679595a304d414143417a7a42777439734954526b317748456c35534c73635066535773306953783862363253516a585579514f475a647a4d4f6f77626b3861437754675941414d4258474c6a62375641716742744b65677a6b366342627470357548796d736b384837574363444f49505437656a4d46436f414141447746795a73646d5067446e6565434870474b4d4662746737637a2b644c677979736b77454b7a37795438524a71514234624e644f6f4151414177463859754e754e6754746355564b7a4e79563436786c4c487866373235474e64544a4134593354384a637738726c663030774e414141412f734c413357344d334f474b6b706f394b4d4537327a5276575069344474614d347375446a42624e7739514146427a725a4e435a65366741414144416678693457796f5669356a54546e76524246783549716a7153776e65655658545a75486a346d617079475a57476953704153696f48734c714c7554484f686b4141414366597542754c303633777a30312f477a48513639592b7268594a344e736e4c4945436d2b69706963314949384868485579414141417673544133563673636f4237716b4e30344a31584c58784d724a4e424e724e4f356e35714141727534315341547643384377414134464d4d334f30316c4172676c704a7164726837794d59543771795451546257795143464e30427a476a55676a793261716451414141446754777a633754574d437543576b706f394b6345626a5a7235466a347531736b67472b746b414765655a38757041586b38704e6c424451414141503745774e3165444e7a686e683773635066494735705779783454363253516a58557967444d7570774a30346d3471414141413843384737685a4b78534a5665676e544246785256714f70706764767a4c50774d62464f42746c594a774d556e6c6b624f4a6f616b4166725a4141414148794f676275646f706f53616f41625373703755344a33574363443239314c4255444258555946364154725a4141414148794f676275646f6c5141313154306f6750764c4c44733862424f42746e614a44333441564259444e7a526d536c55414141413447384d334f30306c41726732704e414f514e334479323037504663774a634557575a71337145476f4b434f46513557494c2f746d73657041514141774e3859754e767059437141617a6a683768567a733952466c6a326d382f6d79494d733956414155484b6662305a6c3654596f61414141412f4932427535304755774863556c4c5268784b38735654545a4e486a476149356b69384c4d7377366d66756f4153696f4d73306c3149424f38494e4f41414341414744676271637746634131465433707742754c4c587338462f496c515a615a776a6f5a6f4e424f307779674275526831736b38516730414141442b78384464546845716747744b79756e4147797373657a774d334a474e55355a41345832634374414a31736b414141414542414e33793652696b623330556b55546345734a4a397939597450416e585579794d5936476144777a4131544a6c49444f7345504f67454141414b4367627439574363444641656242753663626b65326d634936476144517a4c43646e33416a6e30624e343951414141415144417a63376350414853674f4359736543774e335a4f4e304f3142346c314d424f6d463274322b6a426741416747426734473666675651415635577a7763676a74677a6357536544624f32612b366b424b43687a6f39545471414764594a304d41414241674442777477386e334f48797330416c4858686a6a53575067395074795061735a685531414156316961614d4770434857536454547730414141444277634464506f4f6f414167386334703467795750685945377374314e4255444258555946364154725a41414141414b476762743939714543495041325776493457436544624f594851564f6f4153696f714f5a59616b416e57436344414141514d417a6337544f41436f4441533172794f446a646a6d79736b77454b6a39507436457954356d467141414141434259473776625a6b777141774c4e6c344834425877706b595a304d5548674d334e475a715a71743141414141424173444e7a7473776356774656747a58546750687457796b5130522f4f6c514162725a4944434736305a5367336f42442f6f424141414343414737685a4a78534c6d6448735a546342564c593130344434625472697a5467625a57436344464e376c5649424f6d4855794431454441414241384442777477756e32344869655a48744e5162757950594146514146566147356d42725143624e4f5a6a4d3141414141424138446437757776783065614b634339336e39417475736b786e4e6c77465a377145436f4b424f302b7846446567453632514141414143696f473758586868427465314e32326e42413971392f6a7a63376f64325637554c4b63476f4b42594a34504f6d42766f73453447414141676f4269343232554146514246595a76486e352b424f374a787568306f7246366169645341546b775831736b414141414546674e33752f536a4172697565517364754b2f4677382f4e4f686c30784d41644b4b787a4e54326f41547a7641674141464b64794b72424b5479714132397062746c47432b314965666d354f74794d6236325341776d4f6444504a723264472b616579786e327062307644787a4b38305a744967365a75716239573053766f456646766d3270723564624f4b5a6c766d31307932764a64514972364463674541414f7a41774e307566616b41726d7669684c7348764878527a4d416432634b616d64514146465174465343666c7563664c6d6c62306e42696f5439754d687731772f6f7457636b6579712f505a454d6d356a2b76652b2b2f68784c784a7234794141414168635041335336397151427561324f6c6a42664b50507138724a4e42522f746c416742777759365a6a7a6a316f5373316532617953354c6871506c6d384c3844654d326154465a71316d61757130303453513841414c427a444e7a74776b6f5a754b36396553736c754d2b724836357875683041414b38304e55727a49792f612b4d6a365a444a6b5a373878475935756c505177666b586d75696f54733535736d556b6f45552f7978515941414d574d67627464656c4542584e6643436663697773416441414376767556365a61713072576a302b3739472f307947352f734e79584230753253473735496578432b567249473870452f4b742f496e41674141424255446437737763496637327070466d76563155515676734169346763493647514141504e4d30343546692b5663313331534f794353586c6d5134756c5376697a706b6f615250794c4e54486741412b426f4464377477303152346f33456a412f66674f34384b414144775347757a4e443332504432382f787030614359647453584455584d612f7230422f4f4a4d46706866437958694c64514841414438384d304f374d48454535356f6231676a4a623048556f52374b6a7a346e4264524f774141336d695a2f5a6930766431414554745871686d637962694f4e53624455544f456630737a4c3550354a714645764a4871414143414c52693432365753437543463973594e556b494e626e4c3770716e376155366b64674141764e45303432464b4b4d7872312f6457315679513965766d564c7a5a4454395830674e344d34682f3079535569504e5444674141344d6b334c62424846525841457731723663426466567a2b664f5a464b5439544151444143367954635a6f35465839414a6d646e2f626f5a784a76564e4b3972336e6a76476b72456c31455a4141427745674e33753952514154795253744b4275397765754c4e4f426741416a375338504a56314d743477672f68686d567a343369386d7739464e6b68362b5a772f697a576e34464a554241494243594f414f514670543639353952514c5839484c786337464f42674141447a55393953676c324b57663575524d336d4e4f77357664384c4d31723254794772766841514441376d4467446b436b6b5250754c6e4e7a344d343647514141764e4c574a6b325050557350396a4e6e54305a6d38716e4d72356d62744d3652397766775a68672f4a3553494e314d584141446f44414e33753742534270356f54374844335756754474785a4a774d41674564612f2f4f45744d57335559522f587973666b636b566d563972536f616a5a67334e79356f584e5759352f384a514974354f5851414149507562434e696a6b677267686261474243573461792b5850672f725a414141384e434f36662b6d684f4339586a73366b38396e6669325a4445664e3850305a7a5175613261454550325542414b43594d584148494f324e613057617475684c694436553451347a634464725870772b4463553647514141764d49366d5749523070795a796274662b637770654850362f546e4e43364645664245314151425150426934413368582b2b5a6c55724c58495254686a6a4c4e6e707031446e386531736b41414f415231736b554c624d502f76424d766d422b49526d4f76695070346674546b6a344a2f326f6f45572b6c4b674141676f6d424f344233745739627a7344645865615575354d446439624a414144676f61616e48365545764765413574784d6a43334a634e514d336d64705a6d7065446958694c645145414541774d4841486b4c614e506534753231637a7a3847506635367754675941414d2f73654877574a534166733866787245794d37636c77314f782f6e796e76442b416271516b41414839693441376758573162563733372f6c65345a6f4444482f39384b6759417742757472303258746e6c624b414a6431564d7a4e684e6a5232594150793254325a79414277444150786934413368584f7966633362617667782f6244504e506f574941414c7a524e503068536b423356476c4f7a75515753612b676d616e584a7a5854516f6e3450436f43414d4265444e7a74736c3353707873413137567558537756314f436d7751352b62484f366e546373414144674564624a6f4d444d4370707a4d6a45335956306c6d65473775595953385656554241434150526934323457334363497a376475586954527445616e7351786e754f4e44426a3330683951494134413357796341462b326b6d5a324947384f624575786e415036615a475572455531514541494233474c674479476958396f304c705754766f366e4348594d642b7269736b77454177454e4e4d2f354e4358446269457975316a526d31733838716e6b6b6c4967766f683441414e7a4677423341667a467764395667687a347536325141415042513037526e4b5146657174614d7a2b515879584230735634666b6651416e74507641414334674b474d58586a764b547a56746f6b444d4334793932765979344750797a6f5a41414138306a70336c72532b76704569594a4d686d69394a657569655449616a6a3271753167796c476741416e4d454a64377530555145382f514f344b55344a376a4a37334e6356384f4f78546759414141383154582b51456d437a6a716666462b6a3149593335672f74384b42486e395367414141584143586537624b6343654b6c74387a784b634e6677416e383831736b41414f436870716c5055774c383543444e2f3269653061784a68714e2f316b7a553146414e414143376a38474d58526934773150744f39614a4e4b796c43506363584f4350787a6f5a41414138776a6f5a2b4a785a646667707a514f53586a337a6f4f62546d67465541774441726d486762706474564143767461312f67784c634d364b41483474314d674141654968314d6767517333726d484d32664a4833792f566e4e645a714471415941674a316a3447345862706f4b7a37557a6348665471414a2b4c4e624a414144676f6162707a3149436771684563344c6d4e7333385a446736522f4e747a634655417742416274773031533562715142656131732f5638716f775332444e54303044515834574264514a774141486e332f744f42466158316c5055576747497a4b354a5a6b4f447066722f64713767346c346e4f6f426743414e453544326f556437764263532f492f6c4f416563324b6f454b65445173493647514141504c4e6a3276325567474a6b766f2b3951664f4747623572627455635253304167474c48774e30753748434839356f32696d786353412f754f627741482b4d383452314c41414234392b335445303952416f71643265392b7665626c5a44693657484d6277336341514c46693447345842753677416a644f64565568586f68635349304141486a30665a4e5a4a2f4d79363253414c416471727050303848324235695a7575416f414b43594d334f32796d517067785176483961786764464633422b356d6e63785961675141774275736b7745364e55787a6f3652767550714b356c724e51476f424141515a41336537624b4143324b4274505876635858535964473864444f746b41414477554e4f30575a5141644d32526d6839726c696644306163306e396545714155414544514d334f32796a6770676739614e623467304a696e43486457615564333435316b6e4177434152396f577679717473392b68434744586c476a4761483672575a734d522b73316b7a5139715159414541514d334f3343435864596f6c336156723941446534355a6a662f4f64624a414144676f615a70393145433044336d6e5a6f66316678547379595a6a7635566334716d68476f4141483746774e307548492b424e6472577a4b5945397879396d2f3863363251414150425130354d7a4b51456f6e4636615432686d614e354f68714f33614b4c554167447747776275646d476c444b7a5239673444647866563775592f787a6f5a414143382b6c35703861765338767761696743634d556a7a626333435a446a366a4f617a6d7237554167447767354c32396e5a6173456771466b6c4a6571637a34505854673952383743575248674f6f776831376164627677753833363254574369666341514477524f4d6433356147372f3466525141752f73394f3836446d72356f6e516f6c344b35554141477a4543586637724b6343324d487363582b654774787a3069372b6674624a414144674964624a414b347a42394d75316a7971575a454d52322f56444b455741494274474c6a625a7930567742617461312b6942506673366c6f5a31736b41414f4352746d567a57536344654773667a66576152636c77644a726d556b305674514141624d44413354366363496331576c664f6f415433374d7241765a396d4c4a5542414f434e706d6c544b41477778306330643270574a6350526e32744755516b417745734d334f32546f414c596f6a32566b50623163796e4348556471656e587839353474724a4d42414d417a54644e6e55674a6748334f506f79397235695444306563306e39483070425941674e7359754e746e425258414a753072655548706b6a4c4e4b5633387652645246774141336e68336e637854664d734f574f35347a52383171355068364232616f366745414f41574275373234595137724e4b796368596c754f66304c767965766c333866514141774147736b7746387062666d5373334c79584230747561546d6d7071415141346959473766526934777971743631385153584672415a6563305958666334366d6b716f414150414736325141337a70473878664e796d51342b6d504e45436f424144694267627439474c6a444d753353746f49586c69345a70686d306b392f444f686b4141447a537475497431736b412f6d643276562b726953664430636330353269596a514141436f612f564f797a6e4170676d3961567a314343657a6f373563343647514141504e51382f54354b41494b6a4a504f3939344f61743550683650576141645143414f677542753657715a6d3876454576535a714154567057546456586d4130553459374f427536736b77454177454d3770732b6742434359497070624e596c6b4f5070507a5846554167445958517a6337635437564747586c6d335374754970656e44484f4531466e76386636325141415042492b386f46306a4b444e364d434157634f74307a53504a384d52312f51584b497070785941774b35673447366e5a565141323751756e306f4a3775696a4f54584872374e4f42674141447a564e7531656b725a3069674f4978576e4f585a6d6b79485032474a6b516c41494375594f427570385655414e75307248684558326c75705168336e4a766a3131676e417743416831676e417853742f54552f304b784968714f2f31347967456742415a78693432326b684663413672536c70532f4243307955544a583054703279736b77454177434f736b774767616a53663162795a44456366313579704b61455741454248444e7a74784d4164566d70642f67516c75474d2f7a54465a2f3531314d674141654b6a70715964594a774d676d2f6e652f42484e57386c773941756147696f42414c794867627564466c4542624e5379616970725a64795476565a6d6772424f426741417a7a524e6e30594a4148493553504d627a664a6b4f5070747a5a3555416742673447346e38333756526d7141646378616d57575030344d377a732f7a6e7745416749766131797952356d6c4c4b414a415a3879672f52624e736d51342b69764e59436f42674f4c46774e31434e5a4f586d2f657263736f64566d705a2f43416c754d4f636c6a6c553030747a466e5541414f434e70756c543942736731736b41364a49656d692b61312f504a635051757a5a4655416744466834473776646a6a4469753176764f30794f61334b6349646b795339547161614b674141384162725a414473686a4c4e4a5a70586b75486f6b787275787751415259534275373369564141377455736270397a645972354a7635416141414477364c736531736b41364c36786d736554346568726d73733035565143414d4847774e316543366741746d706163702f2b337a614b634e3467535a397742774141586e7a504d2f4d2b31736b414b4a54444e502f517a452b476f352f545646494a41415154413364377a614543324b713959616d307258794f49747a424e2b49414148696b36656d5a6c41436730495a6f6669667050652f586147716f4241434368594737766434556a684444597132736c51454141414857766a34687a59397a577955416a676c7266715a5a6d67784876364870525355414541774d334331564d336c3553746a6a446f75314a4234555361326e4341414145456a4e302b385661574b644441444844644438514c4d3847593765704f6c484a51446762777a63376659474663426172593353747568656567414141494730592b59305367446770763661477a55726b75486f625a6f42564149412f73544133573773635966566d6862654a644c5751684541414342515743634477454d394e6464706c695844305a397239715553415041584275353234345137374834787576317461567378677949414145436773453447674157714e562f574c456d476f7a2f5537456b6c414f4150444e7a74396a6f5677486174432f365045674141514b413050664d554a51437768526d38663133534e3165396a634537414e6976704c32646b787532537355694a58725a724f6c4e47374434615552717a706b6d306d386f56514141414e3972333768614e6f302b52647054625a5142774562624e622f512f47386f4564394548514267483036345736786d386e4c7a3035445861414b5776797956466b363541774341674769654d5956684f7743626d52337633355430696665624e50326f424144737773446466724f70414e612f4d4631386c306a6a526f6f414141432b317a547a53556f41344164394e54664b2b345033506c514341485a673447342f427536775838745761567434467a3041414142664d2b746b6d683937697949412b4d6c376733647a63395776617171704241433878634464666939534166796761663766524a6f624b41494141506757363251412b4e67656d70396f466962443055397279716b45414c7a42774e31794e5a4f584c39504c4f7a514232375533727061327866645442414141384b326d703264514167432f4332762b70486b6a4759366572796d684567427746774e336632437444507a78496e5865582f542f63696f4d41414434304a5a31306a78314c6a3041434972686d696d6146354c683645656f4177446377384464483167724131396f33375a513274352b6a434941414944764e4431316e37527635654141674d4135566a4d744759342b6f546d4b4f67444165517a632f5945543776434e6c6e6c2f70675141414f413754544f656f41514151545a4f38334979484c31484d347736414d4135444e7a393453557167462b30627067746253756570676741414f41665a70334d5933506f415541782b4a6a6d7a5751342b69764e6e74514241495658307437655467732b6b4970467a454c4a6b5451425079674c48533256452b366a43414141344173505062464536752b644b554d615630716b595a554d334c4a61396e396e6866526276356c794141535a655a4b375666504c55434c65534230415542674d3348306946597638526939666f416e345264557066354c5379476b554151414172506631487a38767a372b3934554f2f766b2f62566a6c3478796f5a6c466f6c413765746c6f45625673672b71395a4b6153753733674545796c4c4e395a702f68524a78686b51413045304d33483069465974636f70653761414a2b5552593653696f6e3345385241414441616c75334e636c3533337853646e5278694e3672665963633072524b686a51736c384662566b686b2f58495a73477164655746466d5144387a74772f377470514976344d56514441376d506737684f70574751667661796d4366674a703977424149447448703678584736373934317566597a2b37536b355a4d634b47624a3975517a61756c49696135664a486d75546c4176417238782b30472b454576453456514441726d506737694f705747532b58673669436668465766386a70504a73633871642b7a4d444141413758662f54462b535a7865734c2f6e483362393073687a51756c2b693270584c416871555358706d51796c517a68515077432f4f453956764e7a6146456e4a386741734175594f447549366c593541363958456b54384a4f716b33346a7051644f6f416741414743645856306e30363376696470623550436d46524a7457435a444e793254775776656c7637724e764646414743376a5a6f624e48654545764557366743416e57506737694f70574f5279766679644a7543724a356c657736523634734d695a5657554151414172464b4964544c644d6267314b59633176433048625634694237367a52505a6473595976436742627a644663485572455a3149464148534f6762755070474b526758704a304154387075715937306e70384d6b5541514141724f4c554f706e6474562f62466a6d6959596b4d322f7132524e395a4a5073745838334e574148595a6f726d6136464566436c5641454275444e78394a68574c4c4e4c4c454a71417235356f71675a4939626c50696c54316f77774141474346375130746375373155365778706333617837686e32335935717646744f586a4c346e634838414f5872575141443841476a5a6f66615834595373516271414d41506f694275382b6b5968467a30354c5030775438706d4c4531564a2b394e636f41674141574f48787078507976582b3937717648764866624e6a6d6d4953346a4e692b5359537358796c357231764f46424f436c465a722f306677726c49677a58414b414441627550704f4b52633756792f303041643870713547616336614a394235494677414177484d332f4f4a46655772684f6c2f2f4f777870325342484e697955677a63756c6d484c463069666a64763477674c777769784a3733642f6a536f4167494737373652696b6435365357724b61514e2b5533374170564a522b304f4b414141416e6a4c725a4d362f2f676c7061476b4e7a4c39547162544c6f553272354c42744332585575766c79774a4c4655744863796863626746764d6669377a6a76787668524c787a6451426f4a67786350656856437a796c463747304154382b464b7765767744556a4c67634b6f414141436538654d366d563356743731526a6d754979366a4e4332566b597037737354624a46783641473937526646567a4a32746d414251724275342b6c4970467274664c725451425079726238336970504f73754d634e33414141414c7752686e63797547746d38526f37634e6c3947726c386f5135624570584a484333385141446a4a484253384b7053497a364d4b414d57476762735070574b52492f5879436b33417236714f2b346d5544727551496741416750766653366461354e7876424775647a4b377131623544546b6a4635596a6b50426d35374533707532454c667a41414f4d48385a4f2b6e6d6c744369666832366742514c4269342b2f4646516978536f7063316d6747304156382b3856514e6b4f714a5530577151355142414142634e66335a6c584c6a6e6139535249625a2f5837306a6d5679354f6133354e44566332582f5a61736f425543684a54545868424c782b36674351444667344f35547156676b7070655030775438716d4c5946564a2b3348636f41674141754f72475837306b302b657670596738687252736b4f4f3276696d48726e744c6869794f632b4e5641495830694f627155434b2b6d436f4142426b446435394b78534b583675564f6d6f422f6e33334b704f617365704539527449464141427752574e6a693578332f524f7972596b68636c663062302f4a6d47337a35496a31623872775257394b6461714a556742302b366c593833334e44304f4a65444e31414167694275342b6c5970462b6b723637742b567441472f4b6874776b6c534f352b644741414441486179543258316d3733747477774935657630634762463472765459316b6770414c726a546332566f55543865616f414544514d33483073465973387070637a61414a2b566a583652314a363043555541514141484d63366d514a392f3962654972577068584a6b637134637575514e3662324a657945433243316d49485737356c7568524a79374e774d49444162755070614b525436766c392f534248797473702f556e443156704f632b6441454141427a444f686c6e6c457572484e2b34524935662f356f6375755231687538416473634b5456306f45582b494b67414541514e33483076464976746c2f6d49716f5133342b6f56612b4679704f505758464145414142777a383456563875322f2f3463696e507965546c706c544d4e434762336864546c6b385276536330754b55674473696e736c6656505631565142774d3859755074634b685a3551532b6a61514a2b567a586d44696b64504a346941414341493737376d35646c367074724b4d496c506471623374333566757a3631325855776a6e636342564156323357584b6535493553494d3741433445734d3348307546597559763468756f776e342f736d6f5a6e2b70507674686b656f515a51414167494a71626d3654383636624b707433744643474238774e56302f652f70614d6675633147624667726c5130733959487745374e306e77326c496a5070776f4166735041336564537363684265754576494152432b644250534d554a333655494141425155452b3975457075694c464f78675a37746d3258635674656b3947722f694d484c6c7043495141367330507a6263315051346b3450366b443442734d33414d6746597538705a654461514942654571537172482f6c4e4c395436494b464a746c6d74656f41656957675a716a714147354c462b3537537558335472546e4a614d5a444a494d7951723162546b766d6a4c4f6a6c6c30367479374e4b585a63437164525143494a38584e5665454576473556414841447869344230417146726c4a4c7a665342414c78704e526a734653662f5a424956542f4b5144473558504e5061674336356565614c314d44636a42375a5062574a505039687471362b76306c50586950616f5a727a4c7449523267476130717030486d6a647979566b7a6138496b6375656c56366264704f495141364d6a65437545587a773141697a6e347741465a6a3442344171566a456e47352f69795951464f554854704b4b6b376731415971476d5372736e626b433248314c4a5831714765686f7175614d33666b48612b76717179513966422b6c4f55527a614f5961706c5a6e564c5733794b6b4e62386c4a7132664c695067384b5774756f78514132563752664a4c54376742737873413949464b7869506c4c35306961514742656249323551306f486a36634946494f2f6d52634e31414230793248435769626b3977584e37777235415776723676746c2f7477646c5a5668357655566452664f774e624e4d6d377a4b334c3832374e6c6e3556724b515441657a6a7444734271444e77444968574c2f493965666b5154434d795455395665556e33326f794939426c4147676d36635a686f31414e3169567576645241334977527950336c667a6a744f66714c6175767264656a744163717a6c4f63304c6d63364d416a742f78746f785a393549637365412f55724e39423455414d446a744473424b444e77444968574c6d4a732f4c52564f31534241797665664942566a66304d52434c49566b6c36427766766c6765353556584d344e534348365a7178586e337932727036387a3336385a49657670386f365945384f2b47376f5864376f357932395855356365584c4d6a532b69454941634e6f6467485559754164494b68615a705a655461414a42556e58632f30727073497370416b466c626c5a7750545541335749476d73756f41586b55664a314d6439545731666556395044395a4d30706b6c3546553836586166654d6246346a703231345559355a4f46743662577167454b43347a645a38504a53494c36514b4146356a3442346771566a6b4b72336354684d496c504a65556e505767794c396f6e534249426f6833505161364b36724e622b6742755467326a715a335656625639394c306f5033635a6d4d354d7532363371304e386e347261394a37596f5835634246537967454b4634707a6257613334555363595a6441447a447744314966375045496d625a3953704e47573067534d723648796156342f386c557447444d68416b4c32754f6f51616732387a4b6b464f7041586e2b62497a3130774f757261733350794177672f637a4e57646f516e775a643830687a61746b33506f58355a67464c306e504c536b4b415972545935725068424c78565651427741734d33414d6d46597338724a657a61414a42557a487343696b2f376a735567534435737561583141423069786c4772685657636943334c326c2b3764634858317458627737526d4a75766d754837424d316866456d37726c66376a6e64507659395a2f72774d57734c574b6141494a5457664479586939314146414c637863412b59564378796756377570516b45556457594f3652303848694b51424359477a727470316c4846554333584b37354f7a5567422f4d695a36436b332f305a434c563139574739544e536370786b6a2f4b4370793437647355784f572f75734850485771314b7867337371416b586d48356f7668524c78545651427743304d33414d6d465974555a6c355937454562434a7a4b2f6c4a7a316b4d696651625242667a753335707a7141486f4e6e504934414a7151413750614771442b693958573164763374337855556b503338304a2b47712b35447533583973574f58506a69314b3738446e707634375a473142454570705068424c78475651427741304d33414d6f4659763854432f583041534371477a50343656792f4439455369736f413335326b59613374774c645977614d367a5539715149356d4a76702f716f592f6b5672362b7037362b58637a4e3874703273712b664a3372724b395263593176436c6a45382f493049574c4b41516f446d62343958504e396146456641643141484153412f634153735569682b726c645a70415546554d7630724b6a2f6b47526343764e6d76323176434e50744139356e527650545567683843746b2b6d713272723676704a2b3138656c6b72356862416c2f4844703361504d7147662f4f73334c30764a656b4b74564d495544776d566e4a4a614645664435564148414b412f6541537355694c2b766c4b4a704155465764394273705058414352634350377442386a68714162767544356770715141364258696654566256313966767235544c4e5a4d31492f6c683062752b3262544a68342f4e793876786e704f2b474c5251434246754435707051497634487167446742416275415a574b52613753792b30306763417137796b315a39347630763967756f44666e4b52356c68714162696e56724e594d6f41726b594659722f6f4961336c646256332b45586a34703652734e6832676b763572325a686d2f3954555a742f5170476268304a59554177575a575048365747366f434b44514737674756696b58363657574e706f6f32454e676e734637447050716a392b7166386e36554162395972496c4b65743042674e3133677643444b2b526e3771362b6e426f2b724c6175337277324d43746e5071503543493130626b78716f5a79786370614d664f744e38384b5a516f42674d6e396654416f6c346e786641614267474c674857436f572b59656b3330594b42466235774c4f6c3469506d6e6d696c6c41452f75466c7a457a55413366596a7a66395141334a3455584d634e6578636256333945456b50337331717072316f4a4c38527a57766b724865656b57506e7a5762504f78424d725a6e763032384e4a654b74314147677578693442316771466a6c52306a7373675543724f767762556e726f56525142507a44446a53585541485462516b6d2f5777546f364775616e3142443132564f76562b6b71644f4d70704838396d6e624b75647565455a7133337047656d31716f42416765475a4a2b72543743716f413042304d33414d7546597538707066446141494266797154716c502f4971566833686b4e717a326e4f5a45616747346272706c484463694464544c645546745866355265767169355646684e6d566666396b593565394f4c4d6e624254416d39772b706e49474132616a34545373547670776f41753475426538436c5970457239584948545344774b7670497a526e33694953473077567339546d656a3447437546357a4b7a55674239624a46456874586633656b6a3778627435437541654e3546625a33694966336671716e4c35346875795857453068514c43596d32392f505a53494e314546674633467744336755724649543732733150536c4451542b43613358454b6b652f792b5248674d6f41375978333669623451584834494475653046596534486357436454594c5631395456366d617a35716d59596a6552574b753079726d47656a4638325134624546314d494542797a4e526547456e48654f5156676c7a42774c774b70574f546e65766b79546141596c413034535370502b37502b6832724b674533756b66522b5841446473352f47374655746f51726b7748307948464a6256322f75546e2b4f357075615932676b762b4e337643336e4c70737142382b6654786c414d4a67564d3538494a654c2f70676f41586358417651696b5968467a476d5542546142596c412b355843704f5a4e734172474b4746487954446e5366576333304f32704144762f524845554e7a717574717a394e4c392f536e4577622b52323159376d63742b4a4a4f65544e4f5a5142424d4d504e54654545764557716743774d777a6369305171466e6c434c2b4e6f41735769366f6762705053517a314945624c424f73372b6d6d537141626e74554d3534616b49505a375838624e62696e74713765374d752f53584d476265523353504d717557446c6b334c346e4e664d6932384b41667a74576333466f5552384a5655413641774439794b52696b556d367555426d6b41525062314a31636c33534f6b675867504363373855316e6f4268644248306a2f417171514b35444255772f4a73447a423437356f527a57766b764e557a354f67354c307470617875464150356c76686535504a53495436554b41506b776343385371566a45374631636b486b7841685348736d7170486e656e6c4f78394e46334153326258376376554148536275512f43763667424f62424f78674b5a776674336858665664697261736b374f577a4e54527339355563716257796b453843637a5350756535755a514973372f6b4146384341503349704b4b52613753792b303067614a53755966556a4c396270462b554c754346747a516a7141456f694473316c314944636d43646a455671362b70506b66534a6433613864324a6f79337135654e55546e4867482f4f314a7a535768524877445651444978734339694b52696b5271394a4452373041614b366f6d753577465350663566496a33336f5179346a534551554267566b6e344c64312b71514137444e484671734574745866327065766d425a6a527435446538355230356639553042752b41667933546e42394b785039444651446577384339794b52696b567630386d3261514c4570437830706c6166485243723755416263597636436a5768575541585162616470324a574b584f5a71447145474f395857315a666f35567a4e397a58446153532f3463317235654b566a334e7a56634366476a57664479586966364d4b4141594439794b54696b554753506f6e734e573067574a5476753970556a483264794b6c465a51424e307a586a4b55476f43444d53727972714145356645665365384e68736471362b6a4b39544e626372416e54534836484e4b2b534331592b79654164384f2f334b31384e4a654a4e564145554e77627552536756693979686c7974704173576f2f49424c70614c57764c75356c444c67744539714f4f5543464f4437566331797a5543715141376d3150523861764348327272364b6b6e2f384f78627770724c5468336574464975585036596a4a6f336c7a494166336c576332456f4556394e46554152763442683446353855724849515a4b2b6b56384a6261415956527a384f536b2f396c73554153633161506257624b4d4b6f4e754f31727845446369426454492b56567458622b3748594f357a636f326d696b62794f374678735679773542455a736d674a5a51442b7355627a735641692f697856414d574a67587552537355692f39624c424a704173616f613956557050664961696f42542f7148354f44554142664539535a2b47425470696e597a50316462564439624c725a704c61614e7a707a65384b656647483558396c36326b444d41666d6a56664353586974314d465548775975426570564378796e46366570776b5573366f6a76794f6c6f36366743446a68444f45476a3043687a4e474d6f67626b7744715a674b6974717a39474c7a2f546e4567622b5a564c6d33783036332f6b374c63656b373357624b415177422f4d69736e5068524c784856514246413847376b5573465973384a756d6845464330716f363954556f506e6b51524b4b52566b72346858427456414e31326f4759784e534348425a714471534659617576714c39444c447a564461434f2f797659577557447a43334c6d6d314f6c3734617446414c593777584e6561464566413156414d5742757759577439756f414d5675782b7a7270573378517853425176716e4d477748437556634b6b416539314242384d7936666349557659795539483533376f4f5352314e4a75647a56377953704f2b4762556e2f4365476d73716151557747356d773844735a4468364a46554178594554376b55754659764d314d764a4e494869666959736c3671546669326c423578464679674563774f2f75645141464d54546d6c707151413648536e726445414b717471352b50306d6664722b634e6a6f337348577a54466f395659352f2f5155706265566e2f6f44465570705068424a78666d674d4242774439324a2f746f394650714b58615451426e67305a75714d6758744d6351513141516579705753753849784d66786a715a496c4a6256332b43586e366c3457546f54687a5376466f75586661776a4a7a334a6d55416472765a4a4a53494d354144416f71424f387a51336577544730305434426d78584b704f2f6f4f555273625342586258567a512f707761674944366c2b544d31494966766162354e4463576a747137652f4f4474303570624e587652534f66477042624b5266462f53336a7043736f41374756576145304f4a65494e5641454544774e336d494837654c303853684f414b717553716a462f6b4e4c774b5853425864577132562f534a334942644e2b446d6e4f6f41546d7754715a4931646256682f547941383256357255736a6552584b7530796363764c63733638527958307a6b594b4165786b336830374d5a53494c36634b49466759754f4e6471566a6b4a62306354524f414d485448376e704538314671414171695270505556464d464f6f6872686c464463617574717a66767a763264356e446136467976396831793659616e354c52586e35537156444f46415059786833584f447958697a31454645427a73784d523765467375384a375748624c6a3653756c4c5447544c724172596c5141464d775a7772416475643148425a68312b34515839584b4d3568724e5668724a6231744a6c6678687a39506c36782f3568727830474f657241417674725a6d524445636e55515551484a787778332b6c5970476e39564a4c453043474f656c756271513636417936774d35733065786a6e6b7170416969497632672b535133497755774d58364547764b6532726e35665364382f35534c61324c6e6a643777746c3859666c45464c6c6c4547594a3862516f6e3439366b423844384737766976564378796b6c356d305153512f53785a4c6c556e2f45784b6830796b4333546d6a354c654a7775672b386f6b2f6662715061674348537a52444b454735464a6256332b57704e664d68476d6a6332612f2b376c6258704a7a357a7773665464736f5244414c75625177656444695867545651442b786341644835434b5252375779316b3041587a6771564b7178767865536765507077726b63374c6d61576f414376612f70356e556742782b71506b474e53436632727236586e713556664e46346161714f3957337656456d725a737548336c31686c5475614b4551774237544e4265454576484e5641483445774e3366454171466a6c43306d2f54355274554945765659562b5830734f2b534248495a616e6d5141312f6f514b463856504e563667424f62424f426c325375616e716e7a516a6157506e6f693372354a4e4c48354a52382b5a53426d4350747a526e68684a78396a38425073544148522b53696b582b54793858307754777670707a706f763047306f52794f5637776f326e6755497961304d4f6f41626b2b4850424f686c30575731646659576b3378467867366153526e627539496135637648632b3258504e556e4b414f786756757964485572455836494b77463859754f4e4455724649564e492f5453326a4455442f6839442f4d4b6b382b3938556758794761654c55414254456f5a7258715145356d48632b5845734e3246573164665548362b55666d714e6f592b64367454664a70413354356252587072466d42724244536a4d706c49672f5142574166355253415471716d627a634449372b51684e41576e6e6b4445704150693849773361676b4c68444e664b35687771774f326264506d472b586f365439456c33626b4b344539744b4b75574f5063664c4e38642b5865614f47455568675064714e464f533465673156414834427966636b564d7146746c504c77733150576b44526638644475746b6b4e39566d743953413141775a6a2f336b64534144684b6151634b394d74424e745858315a6f4c38562b47306535655a4e544d587a583151396c717a6e6a4941372f314d6332306f4565667651384279444e795256796f572b5935656271594a46445057796141543570546376686f576e514b46456459737077626b77446f5a4645787458583235587137546d4e6336374862766768377454544a352f54515a392f49307157687570524441573364715068564b78486e48446d4178427537494b78574c394a44304b66663961515046717571777230767059562b6b434f52796e2b59436167414b786a7a5a2f6f6f616b4d50786b6c37684252524d357253373265312b474731307a636a6d4e664c7078564e6b364d4a466c4146346136703548524a4b784c64524257416e4275376f56436f576d61795876394545696858725a4e434a387a54637641676f6e436330343667424862424f426f367072617576307373746d763878723431705a4f644b39582b4b3532325a4c65652f396d2f7074576b37685144654d5776347a67776c3475756f41724150413364304b68574c6d4276727a686232484b4949735534476e6469674d666536344b326351474830303567586a4f56556751352b6f6546476358425562563339474c33454a50334448585442506d316235564d724835626a586e32524d6744766d4c65626e42464b784a645142574358556970415a326f6d4c322f54793164704173576f504849474a53436666776e446471435150696f4d32354862464371413032626450754670765279712b547474644d326130743779672f416c3870505472354b312b772b67454d4162357133597a79584430634f704172414c4a397a524a616c59784f7771506f386d554578717a6e355370503877696b41756f7958393768384168584733356b4a71514165724e514d3162565142743954573158394d4c33646f2b744e474637396e626d2b57797a644d6c7a4e65656f4b6271674c65324b49354c3553495436634b7741344d334e456c71566a452f4f54305455306c626141596c50555a495a586e506b5952794d586354506f676167414b7875785158712f705252586f344e65614c31454433465a6256782f57793532616b32696a36773570586956584c4c68624269395a52686d412b356f316c34635338627570417641654b3258514a5457546c35766459442b6d4352534c38736834536b412b334567614b4b797877724164755445306743646d33543742334b7a33464d334e776a7373756d784f78583579376169723564376169644a59777a6b74774755566d72755334656956564146346a785075364c4a554c4e4a444c323970497253426f4b755a384c6849614468466f43507a6c2b5942476f35754159587a6538316e71514564734534475671697471362f56793132612f576d6a36364974362b534b4a56506b34506b4c4b414e77333757685250796e3141423468785075364c4b6179637362395049566d6b44516d585579444e755268376d7047734e326f4c44666935354444636a4233437956595473384e2b763243624d6b6655505642326d6a362b4c6c65386e31777a346e667a2f6c45746e6570345a43414866394a426d4f336b514e67486334345935646c6f70467a474c724d3267435156553136717453657551314649466350713335437a554142584f63356e6c715141376a4e4e4f6f415461707261733339785434696152584e36434c77713262354d706c4438686863312b6e444d426450355030615863476634444c474c686a6c3656696b61686535676f3355455641735534472b5a372b4e50746f746c4146554443336161366a426e537754724f7670705571594a76617576706a4a58312f675547307357764f3376617158504b664b644a723033624b414e7a7a5238336e51346b34663663434c6d4b6c44485a5a7a65546c636545477167676f31736d67457738497733616730435a5341584b345478693277314b7a6270387757793948617570705939663875396352386f305476795a7a52683543475942377274443849786d4f636d415363424544642b79753732755755774f43706a77796e684b517a392b704143696f677a514855774e797549634b594c4e5a743039495376722b4539634c50787a614a596d79666e4c446b452f4c58302b647847353377443258614f354e68714d3971414a774279746c734e7453735967356c6659415453424957436544504e5a6f42764b694769676f7330726d4e6d70414236795467612f55317457503063752f4a4c313244727467634774535076663246426b786278356c414f36596f546b6e6c4968766f777241575a7877783236726d627a3851556d2f35526349424e624a6f424e3343734d666f4e42594a344e635743634458356c312b34536e4a623169356c6e613244564c79304a792f64417235652b6e58434b7058745555416a6a76564d32305a446a616c796f415a7a46775233665661545a5441344b4164544c6f5249774b674949794a3047506f77626b7747454f2b4d367332796573317374484e4c2b686a56313362352f523871307858354f464277326a444d42353573625055786d3641383569705179364c52574c584b6d582f3266765475436a71732f396a7a2f4a5a427432686c5667426c79696941737569427452464e776a616a653179317a745a6d2f5433747661327474373758623164724e6537662b3264472b3155327474565243494b364a695a4a464e45425630554852476b5858594d316b6e2f2b6558475454514143664a4c47663576462b76372b734d454342384579597a54383438353363304161646a6e51774f346d584e65476f41736f724844756a4d6473307754544e56774b6d71616d7076304d4e764e4f5730305458463069616654737958615573666c644c4746676f42636d7570356f7041504c71464b6f426366453044657534506d766e554145666647665962793741644238505a3755443258553046364d524d5964674f68367562586e327648695a70597254524e536b706b6b6867737478323464666c7664456a4b41544972544d307a7953436c554f6f4173672b7a6e42485669516a4966503650334d574b476479774a464b783331565369626351684834352b642b3659756c766b3856514e623030577a546c464546446e435a35676c716742745531645361496461446d764e706f2b74367454584a357a592f4b564f575047754746685143354d34726d677335307833494c7335775231623477374533395044664e41476e386f316d667a73364e5663597467505a5a7535774762626a514761647a44787167467655546138327736754c4e4c2b6c6a6136724c79715458777937557536363646386c4d5851416851433563364a77706a7551645a7a686a71784a526b4b6c656c696d4f5a6b32344b6737776a3656557645526e754f6a55352f533345384e514662646c2f6d2f425854304a38336e714146755646565457364f482f36667830556258445572746c532f484835454a71355a52427041376e4f6b4f5a424544643252564d68493658512b4c4e535730416164676e51774f5972646d754b61654b6f4473336556714e6d733458524548756c7a7a4f44584172617071617164496573584d514e726f6e7174324c3566726c7a346f2f6a324e6c41486b426b4e33494574594b594f73386f646a792f5877513571416b37424f426766787344427342374c74504748596a6e2b32532f4d4d4e63444e36715a586d3564546e716c356e5461365a316266302b573735333144336a35714e475541756346364753424c474c676a46387a416651553177416e4d4f706d69495364524244727a5a796f41737535714b6b416e5a6d73345a525775567a65394f6972706f667654744e4539305a49686373734a5835476e7a7077696255564646414a6b6e786d3650356b495676616e43714437474c676a362f7a68574c4d652f6b585452427577753549515a37656a557a484e383951415a4e31565649424f2f494d4b3442563130367433536e71463068396f6f337561696b706b2b7242712b666e556d32546e6f4c3455416d5466715a716e474c6f443363634f642b524d4d684979533748766f416e595763566c6a334b474f7a727a5938312f55514f51566164706c6c4d44446d4457795177567a6e4348423158563150366e486e354545393033504c56622f763274763875343131366c444344376c6d67754373536a753667433642724f634563753361565a524132774b39624a344242594a774e6b483265336f7a4f736b34466e315532764e742f67763162545142766473374734723978367a4f666b7761717270626e5552794641646b3355504a49495676616943714272474c676a5a2f7a68574b756b5638736b61514e3278446f5a484d525334594a6d5143367776783264595a304d504b317565725835507a4256733555327569636c52584c667750506c4a31502b5462594f443141496b4630586147596d6770566c56414659783841644f655550783879466757366843646952627a51446433534b7339754237447453637a4931344142374e584f70415635584e3731366752374f3172784a473932337243776b33357077733677366354786c414e6c3173656242524c43536c354541466a4677527a373853764d594e63424f5743654467326a522f4a3061674b786a6e51773655797573306744613155327658716548637a5172614b5037746858336c75386464594d3856485756744c42694273696d615a6f49513366414767627579446c2f4f4761757a48756a5a694e747743354b67686454416a727a7150435362694158574365447a6a78494263434836715a58623962442b5a716e614b4e6e2f6a4a77737478783456636b4d5777675a51445a38306e4e39455377736f677167454e6a344936383849646a3573486a44545142752f434e766f6753304f6e7a4d796f41736d3651706f6f616341437a546f5a5851414948714a746576556350563272756f343265656246386a507a484754664c366e456e5567615150546470666b6f4e774b45567462573130514c794a686b4a33616d4862394145436e72483133754d56487a30655970415a33366e2b624b6d6c53714172444558554c2b58476e4341375a6f6e4e45325a314766756533646e666e326e786a78524d5950355a6b326a655368356b4c63784130717a457177686b35624d7a77474f56565654613834677655507a5464726f6d574b396d77676e6e7056704c7a3471767559556851445a38653141504d726748546749427537497132516b564b3648525a705461514f46556e72387630724a4766394a455469594f5a72724a4433384164427a4d3457564d6969636e5a6e6a76714738476471623462305a34707468666c7548747a47442f4e5a4f33735a4d36485a6c336d5a583573666d6130544862785a30396a594866724d41364c4b716d6c6f7a6350385a5466546375513372354b626c45656d2f6254646c414e6c78557941652f52303141502b4d675476794c686b4a48536670697748316f6730555173576c6a306a52304e4d6f416f64693771504d79376b33554158514933354a58786542722f6c416567682f754450344f35366476794e7a504e675a2f46612b5764445a322b7a375a6745636f71716d396774362b493277457262486771303735427576522b54496465737041386a4f31375872412f486f5036674332423844647852454d684c367642352b547850492b3530653632526733627561615a715871414c6f4e764e2f61425931414c5a6b687649484f7a762f7744503463374875353842764b4f4151716d7071507948707665366c744e457a355730743870574e732b5738705857554157546e61386e6c67586a3061616f4150735441485157546a49542b4a756d31445544657345344758575347435a2f557a4b594b6f46762b704c6d5247674259594162796856723330396b334332796e71716232556a334d6b50537268394244312b78654b746376666c444b6b3832554166534d75662b38494243504c71634b494932424f776f6d47516e3130634d797a584730675878686e517936775477787630567a4631554158654c54764b385a51685541484d674d367775313771657a62786130713671706e615348527a58392b424431334b6c4e3730724e796e746c794d5a746c4148306a466b6865485967486c314846514144647852594d6849365151394c684e3275794d63644875746b30444f2f31587846654e6b3759465756686a7464414d674f4d35527650344d2f6d5779526a567554512f6657742f6853715a5473546159666d75797462323666346963625771576c4e53584e4c536c70616d71566c44376e72323949763430356d686c41672f6e35564a733074625332763131724b76317a3758394f592f7074473576317a3947666239592f7137473172663132737158566463554f5465325272372f31674978373756552b793443654d5264484f4463516a373550466641364275346f7547516b39433936754a636d6b4775736b3045577a4e4f5948616f4a7167414f3630374e4e366742414e786e7838374739754f652b685a4a746161483955334e71665a4266374a3971432b794e374f715a613935472f324a526e32626c705a55656f4376743833623144656b3336626544506e31782b31766b3071317631326a7876792b5a4f59624166564e36542b3351582f6544502b62327238526b4d724b763664592f2f4b624e6a38756c79366579776358364a6d566d764d4438656775716f43584d5843484c53516a6f542f6f34584d30675678696e5179793545314a58776a794e616f4144736d387050686f61674141354a495a7a752f5a6d78376337397164476541337445684c613573304e626532442f484e47667a4a7a466e2b752f642b2b445a74716654624e4a6d7a2f505874782b78395136723231456e4a6e7653326e375a6b766568766c7261475270486d5a6d6c72316a386a716264544b556e74537162666752324e37582b4f374e52663335766941774b496d4f3963565166693053617167466378634963744a434f68436a3073316f796e4465546b7a6f35314d73677538374c7554326e6d554158514b624d793768567141414234546d4f397444586f51385857566d6d727a367a7033374e447a4f6e3562636d39307462534c4e4c554b47324e535a475576733365394b5542327662757972784e666672336d726470616b7266547161482b3231374d6d39626e307a2f66474f54326633542f6f32417472324e37613853614e76656b48366272667072546378375544422f31747759694566354a49516e6c564142374d41666a6a556b493647503655317a565773754149547333396d464c714d455a464e667a537a4e725a7166535072435a77412b644455564141413871627958464a576e4c314657464268522b50636e755576616d7049694c6333536c747a64666e612b374d3263776239486636314e663978514c32334e54534b6174675a39572f3235747232373032396a766946677668476750392f573070492b30372b785556715776534b747137627a386362426d4e5842373257654c77476577786e75734a566b4a48534e486d6251424c4b743470495a556a5273416b5567467836513945717365716f415072425577353075414141757466506a6b3652313853614b774f4863464968486630634e384a70694b6f43642b4d4f786d587234483570414e685835527a46735279356470366e546a4b594b6f4e31495964674f41494272746232376c6d453772507056496c68354b545841617869347734362b72336d5547704174724a4e4248706972385a715657464f6f417043727141414141506471656f476e3637444d702f6c48496c6a4a396672674b517a635954762b634d7863327632546d74647041316d356f7874394353556748775a706e744a3853314e454866417739726344414f42697a5338757041523068626e2b5657306957446d534b754156374843486253556a6f624636574a4b35637761366479666e48795556482b634249664c755963324e6d74315541592f7072396d694b61554b414144632b4552396c3279664f46486164725453426270717061597145492f756f517134485765347737623834646861505879614a744154724a4e426758785538364c6d4f4b714178317775444e7342414843746c6956504d6d78486435326975543852725052524264794f675474737a522b4f7a5a6230546e656765336479724a4e42345279765753717331344333734c386441414158613172304c4357674a3637552f4951613448594d334f45457432746d55674f36797179544b52342b6b534a515348307a39313933436d66397776334b4e62797343414141463275617634515330465066544151725030384e63444d4737724139667a686d4c6a5267567375385242766f4374624a7745612b6f54476e4134326943726a595a45302f61674141774a315362797952314373374b514c5a384b7445734849794e634374474c6a4445667a68574c3065716a58763051597333384778546762326371366b763346344d5658417056696642414341697a5574654a49536b43336d316238504a344b5652314d46334969424f787a44483435746b50532b72337261774f4777546759324e566a7a684f612f4e567773434b36363278583274774d413447724e69786452417249706f4a6d64434662327051713444514e334f496f2f48444e6e683335536b36494e484172725a47426a5a6a4435505930355257676f6463416c7a74416351513041414c68543238354e30764c4d4f6f7041746f3354334a3849566a4b66684b7677435133483859646a732f5477625a724149652f63574363442b3575695761575a536856774164624a414144675969304c48354f32686a614b514336593963452f7041613443514e334f4a492f4850755a486e3550452b684d6b58384536325467464d4d3154326c2b70436d68446a675941336341414679733663586e4b514735394f314573504a36616f42624d4843486b39566f6e715947484b686b4a4765337731484d69706e2f314a686e4d614f704177355571546d6547674141634b6c555370726e4c616348354e6f664538484b55366742627344414859376c44386561396641785361396b414436385978747a4d53584169633757724e52386c4372674d4a7a6444674341693757756e692b7074354d5567567a7a6178354a42437348555157636a6f45376e48317648493774314d506c6d6e646f41305a5278584170486e453252634370426d67653076786155304564634969727141414141506471577641554a5342667a43742b2f3545495676716f416b37477742324f35772f484e756a68556b32434e6c4179366a4c7532754147583949733034796e43746a63554d303531414141674873314c31784d4363696e437a563355414f636a4b6b55584d45666a713356773555615875666d3954733131736e41505537514c4e463851394a37336745376d73626e4a7741413774573261623230314c3148456369336d785042796f39544135794b6754746377782b4f4c6454444a7a55703276416d31736e4168636f306432726d616b5a534232794964544941414c685938384c4839426c3247305767455036554346596554773177496762756342562f4f5061494872354d453937454f686d343242544e79354b2b554452674633303055366b4241414433616c705552776b6f3547504e47596c675a562b71674e4d776d594c722b4d4f78332b72686470727734423061363254676267484e673570374d67382b6755497a6437706333426341414c6471724a666d65532f5441777070724b545064476546495279466754746379522b4f665538507636514a373243644450374a7a7658537375692f5258613836625a2f32513261315a6f715073676f734b7570414141413932705a4d552f614e6a64544241724e764d7233613951414a324867446a66374e383166714d4562574365444137572b4f554f616f332b55354f774c70586e656c795331595947622f6e6c6a4e504d312f79756359597a4338476d717151454141506471587667304a634175376b67454b7a6e44446f37426441717535512f487a4a56646274544d6f673050334a6d7854675948506b4659507a747a71303161336e744d47702b2b5870726d544a4e5539434752316b59332f42504e797970763172796b6d63424848486c326e6d59674e5141413446354e6455736f41585a526f766c37496c67356943726742417a633457722b634b785644352f517a4b4d4e39324b644441365532724249327661752f3665666239322b55686f583353774e4d383658314b70666974527664734d2f312b7731584b7a35623030704833336b4365746b41414277382b50707431644c362f4b744641453743577275593538376e4943424f317a504834343136574761356b586163436666714575344f384e2b577466504f65537674795533534f4f714f795135347878706e76394e616475307a50482f4454546679397a506e63686e41504c674b696f41414d43396d68633852676d776f30733133365947324230544b6e69435078797231344f5a7971366d4466667842616451416a6f384f3669586c74676361322b6261704b57642f34684455392b524a707172354855473339762f2f304f6471706d75655a5753622f7345736946557a536a715145414150647157725351456d4258747965436c5a4f6f415862477742326534512f486475724254475a66707730584b52737378535035576f735070574a7a525a703364766e3374536157532b506957795435384c6e537376536e4972766564757a2f4373332f614a5a4b656a414b5a4276725a414141634c4f393236586c6d625830414c7379722b373957794a594761414b324255446433694b50787a626f6f65706d6a64707778314b6770667050526b6e38754a447265736637646b66304c524e6d74644d6c2b516a6b3658353653394b3670306e5256497454717a43444e764e3050303254546d664763676931736b41414f42697a5973666c3762644b5971416e593353334d4d2b64396756413364346a6a3863653163506b3457687579763451686452416a355576306c61336e383653333959536c6f325043474e3837386744512b664a366b56643476736a6a757445665064714f394b6573334d424435426b41566d6c5179766e414141774d5761467a3148435841436336322b72314944374969424f7a794a6f62744c73453447423069394e55656b4c66746e6f37636c33355847562b3657354d777170353731666f4a6d73655a6e6d676f2b553941446e4e304f4149444c4e63316652676c776970386c6770576e55675073686f453750497568752f4f7854675948616c6b2f4a38642f5179646e7654746e3137765a6466684e7a537553767034463042337362776341774d565361785a4b61753175696f42546d4f7458335a384956767170416e624377423265316d486f4871634e353247644450615457434f7432312f4b32312f3377566e766a35777654552f65494b6c314434733037335643553064727a4e3664657a53442b4d52424635674c553531484451414175466654676963704155347a566e4d6e4e63424f474c6a44387a4a4439777331373947476737424f4267646f65584e576766376d4e6d6e64394977304c7679364a42383655356f58334371706a557563554e6b4e6d725761542f485a413475756b5051724a514141674573314c567845435843694c7965436c5a6454412b7969714b32746a5259416c5979456a74484455356f6a6163502b536f372b6a4a53652b304f4b51455a4b476834385639715339766d2b5758472f73564a36314e5653664e5256496e31473272314163392f334a6331365070647743413972506b494e41414334553174696732772f59374a4945334d694f4e4a6d7a596d426548514c5661446738774171414e4c3834646736536239556e7033754473413647585355696a3976713246372b2f7530613630307276794a4a4765634b38317a5079657064545030795974743932466572486c566334754743794f674d2b5a697535645141774141377457386f4a5a684f357873714f5a5031414137594f414f644a425a4c324f4737712f51686f3278546759486146332f7149336675355330764439584768642b545a4950545a546d2b642b555650775a2f656c6d3239304661753751724e5477487777486d71727054513041414c6858382b4936536f4454565365436c562b69426851614b3257415469516a6f53463665455a7a496d3359442b746b734a2b6d586532373036566c7236506537614b4b59564953756c4a385231564c3064445437506775337176356c6f61585a4d4c347665627a31414141674575314e73754f5361644a36743047756f44544a54576e42754c5231366b436863495a376b416e2f4f47594754435a4d7a7958304962392b454a544b414566534c337a6c4f4f4737555a6277795a7066754d5030764445316449775934716b587671357949366f6e643746477a546d51656f5865627a413430584e4e476f41414d4339576c632b79374164626d46657558742f496c685a5368556f35424d6f414a33645134646a4f795739313367426264684932514170486e4575506541444c572f4e6366792f6f573150564270583379584a32564f6b615861317046622b516d53484c53346e4d56447a573831437a616c38746e6e57325a4c6569516b414146797161654663536f43626d4a63512f344161554369736c41454f49786b4a39644b446d6568645342754656334c6b39564a6139564f4b514e727564795535303777594a65584b66353476634c715568433657347447586976512f737444765471766d313572766162627a796563705a72662f4c6451414149423737627132536c6f576271514975496c352f6e4a5749423564526858494e7762756741584a534b684d44332f54664951324371743838702b6b4f44535649744175745771364e4b3779786a6467326f66766f792b52346a4758692f514e46664a643261713556664d48636574334f6e43674e7a535631414141674475316258684474703935425558416a5637566e4236495278757041766e4553686e41416e38343171534854306836774952434d65746b526c6252417a3751736e364f5a2f367472596e6c30766a536a39725036472b71765361396469617870684476796d424a72356c5a4b756c564933433363634b77485141415632742b3456464b67467564494f6c5836414a3578634164734d67666a706d5849356d4c422f36514e67716a5a4f526c49723579696b43377473307270585858613537387437635033312f2b6d5352724c3547476d52644a793749374a4c56706562376644624d58306578326a32694738786e70576c64524151414137746230346b4a4b674a763952794a594f5945616b452b736c41473649526b4a66563050643946456672464f426832314c4c354e6d742f6752536637665648336a354b53555a666f2f354d70556e7a456d534c4670666e3671336472627450386e336e4f786b664356563755544b5147414144632b7552327432772f63364b3062572b684337675a71325751332b666d444e7942626a3475695954436576696a706f513238714334544d72502f3533656135585342646f314c66693674445675706f69444b52736f4a55644d46642b6f4b696b65655a354952534166662b7336535639633878452b414b347751764d654e5141413446347464512f4c726b392b6d794c674254384b784b4f3355675079675945373041504a534b6861442f2f512b476b446748322f327676454e2b51634b526c356e6851484c78515a6b504f56334d397162746173704878482b354c6d313951414149423731642f7846576e34785a4d554153387761344c504373536a793667434f58384b7a734164364a6c6b4a485375486d5a7042744547414564383865397a724a534d6e437a4649382b5834694d6d35757261434f5942686e6b563048633147326e646b52375858456f4e41414334313834727a7044576c336451424c794331544c497a334e75427535417a79556a6f574d6c505a6734696a59414f45704a58796b5a647037345270346a7855644d45756c2f5a4c622f686a326148326e75316a52517547503030327a526c464546414144756c46713358485a6363423146774774594c594f63592b414f5a456b7945687169687a6d614d326b4467464d5639787372767547547048696b5a726a656e5a58327a7459662f59376d4f3572377a664d376d726139617a555055414d41414f37562b4f636679743776334573523842717a577361633562364b4b704172444e79424c457047517233303846664e3162514277504638355649795a4a4c346a6a6848696b6563497a4c6f68477a387153394a2b734b7138796a59317377335271366e42674141334776336c363651356b66666f41683430564a4a3733506e5243446b42414e33494d75536b5a425030717354766b6f6241467a316f4b46696d50694754644b634963556a7a6858704e376f6e663977546d762f517645797a746c4f713253727074544941414d434e646d325237524d6d5356755365534d383636754265505358314943635048646d3441376b526a4953756c6b506435722f5a375142774a555049766f634a623568353470762b4a6c53664d525a49723247647657504d41394349704b2b73477163526d336a59733254314141416748757466765a4647526e2b4e45584179335a7278676269305131556761772f563262674475524f4d684c367142372b6f76485442674358503651513334435470486a596d56493864494965542b2f4b414e3563545055586b723634366736364c4c6a706d69395441774141376e5862394755792b766d49584c6e77636371416c7a30636945632f526733492b724e6a427535416269556a6f644d6c665448564932674467496365596f69762f776c53504f514d4b52353257766f43724c3248482b3433376454636f666b2f7a5234364c4e41484c76317167354655415143414f36565362664c52627a306c5735504e3873333348704b713551736f425635325a534165726155475a50564a46514e33495065536b64414950637a576e45346241447a376f4b5050736549624e6c467a6576745a38496659416239523832504e627a524e4e4a64582b6f46707634675541414277715a5776625a4f76546c2f55667274455775583264666649754e6465705268345655777a4c6843503771554b5a4f32354c774e3349442b536b5641765064796a2b5152744149412b43504750464e2f67436549624d6c356b794b6c535050684545562f356751392b76792f70315679744e4a59582f364f356c526f414148437658392f2f7174792f595030485078365153737150566b2b586b652b38527a6e7771727343386567337141465a6536374c774233496e32516b5a4636712f2f314d414141642b5372454e326943464138614c385644543947634c7549666248356c6a6559376d706d5376744171637563567a516e55414143416533336842382f4a32693337622b3862303571513278622f585070763230314238434a7a63732f45514479366769715144517a6367514a49526b4c58537670736479366d436743486571445370314a3867303452332b427849674f4f65364e34344c473353712b68447775443931773457724f4f47674141634b2b4e6d2b766c327475656b56516e6a36516d4e4d586b572f4e2f4b65584a5a6f7143467933526e42324952314e556752342f6a325867446852474d68497965334a6e615562514267425956467771766a3748316f756b6e6d6e64746559666b7434332f726f2f484f4d4254632b5a6c39486553513041414c6a586a4366587939327a443736762f644b39712b576d352b3652346c59655773475450686549522f394544656770427535414153556a6f6546366546417a695459416f4e74325366714d46504d53304a63797833582b6349797a5537726d655530564e5141413446372f646464697158747a367948664a707834546a373677697a4b67686474316877626945643355675636676f45375547444a534b685544336470766b4962414a41315a6a487053766c7741472f796d6a38636136476154673352624e515555775541414f3755334a7953616439365576593048663561394e393837794770577236413075424650772f456f312b6e42765145413366414a704b52304131362b49326d6e445941494365614e43394c6568432f4f6e50375a5838346c714161755648447932634241484378525373327962662b754e545332355a49712f7a3439642f4a73612b2f51584877476e4f437a76684150506f6156614337474c67444e704c5a3632347542686969445144496d7732534873447647384b626f7a6b6276736c44485a6a586a552f6a55774541415065362b3536585a6361796d4f573348356261497a3963396e4d5a736e456235634672356762693059757041643346774232776d57516b5a463757627934454f4a6b32414b42677a477574583965386c736d61544d774657687463396d2f74705448507043763473414d413446366675585765764c306a3261586663314c7a42726e312b6638542f393547436f5458664351516a38366b426e51484133664168704b5255496b6566716235476d3041674b32594337472b72586c5673315936444f503934646775682f3662727462775a414941414264374f37356250764f542b643336765a66735853332f2b7377395a6f42456b6644556678764e754541386d71514b64425544643844476b70485152795739553763666251434137573353524458724e47396b596d36763834646a6532333866742b722b52632b66414141754e643973364c7932366465372f62762f39793275544a7477574d5543612f3558694165765a30613046554d3341476253305a43522b766849633070744145416a7657656644694d4e3865334a4833577a467346766d697254374e5a452b42444241434165393338307757794e4c613932372b2f574e726b4f2b2f634a366576576b475a38424a7a64767659514477616f77703042514e3377416e33384a4751326176376338314e74414541726d4e573061772f57507a685748304f2f2b377a4e632f7849514141774c3332317266495664392b53687062557a3336632f71304e63705056763953676d2b2f53366e776b7238473474465055774f36676f45373443444a534d6a637966394730357332414d417a7a426e7735706c74724d4e78332b32344f66724473615a752f746c334339634c41514441316559746545392b6350394c57666d7a6a6d725a4a72637676467636374e684c7366414b4d7a69644549684865586b484c475067446a684d4d684961703463484e654e6f41774351596662486d2b48372b77646b512b62587a48422b737a3863617a6e6739356d7a364d6451487741413776586a3336795178315a76794e71664e7a6e3575767a374d372b56346c626d5366434d6559463464436f3177436f47376f41444a534d6863346237644f456964774141363879447669325347636237686c61316c4633363132707141514441335437327261646b3039366d7250365a6e3930325436356155457535384a4c4c412f486f343951414b34717041484165667a693256334f44337679555a6a654e414141734b4e494d31597a5858466f382b46534737514141754e787262327a502b7244647548665168624c717850455544432f3561534a59795277566c76434a416a69595078793758772b6e616c366b44514241562f6843463149434141417574326a6c78707a3875536b706b727550764659326a5278437966434b6b3451744137434967547667635035773745303956476c2b4c4f6c314151414148464b52663551554454324e49674141634c6e6c72322f4a325a2b3976636776767a6a35426d6e776c314530764f4c32524c44535477303448416275674176347737466d7a582f7054584d526a773030416741346c4a4b5258504d4a41414333533278766c466333355859443665725345584c66326464524e727869704f5a72314944445965414f7549672f484874473072743535394147414f4367447743444631414341414175742f436c6a5a4a71792f324c6f4f66304f56576550654e38436f6458664473527242784d44546a6b38793071414e7a464834357431634e566d6939726b6a5143414e685061583870486e454f5051414134484a4c58396d5574372f7231384f723565326a526c4d36764b4366356a765567454e68344136346b4438636139503857744a6e75334e425651444142307047544258786c564d454141417531744c614a69766554755474373273734b7046666a503230315065706f487834775a635477636f514e654267474c67444c75595078364a366d4b54356e6e6e4d52534d41414e2b6f795a51414149444c72587831712b786f7a4f39547748556c672b55765a374c50485a355171766b754e654267474c67444c75635078316f30742b764e4d7a56726141514176507a497230794b5237466a4651414174317538616c4e422f743748656f2b58353834346a773841764f4447524c44794747704170302b3771414477426e3834746b495070326e75317254524341423454386c5166514a63506f416941414277756558524c5158377533387a7646706952374a744136376e303978474465674d41336641512f7a685749506d5a72303552524f6e45514477324c4f433447524b414144413564376275466665334c61335948392f737168552f75393439726e444536354c4243764855514d4f784d41643843422f4f506173486b37552f493432414d4172697151344f495561414142777551584c4e7862384a6333526b69487363346333486d436e72356b48374965424f2b42522f6e42736c2b596d76586d68356d3061415142333877556d6950515a53524541414c6a63387257626266462b6d4833754330343768773849334f34546e4f574f417a4677427a777563376237535a722f4a2b7832427744584b676c6551416b41414c686351304f4c76425462595a76333539636a7235524e4934667967594762635a59372f676b446477426d364c3548387a57396562346d53694d41344d49486661795441514441395a6138764557534c6132326558393246315849373037366c4c53552b766a67774d303479783337502f6569416744372b4d4f784f6a3263724c6c546b364952414843486f6a37486941534f7077674141467a75786457626250632b4c53734c79614d544c2b4f444131632f3342624f636b6348444e7742374d63666a6a566f627447625a746e6561686f42414f6372475457564567414138494358316d3231356673564758534252492b7435414d454e7a4e6e755239444454434b327470593251796763386c497145515033394238582b4f6e455142774a742f415536576f3133434b6748632b3534644e6c4f4954503063524144786c3366716463754f6464625a392f3861304a755248646638727658665638384743573930546945632f5377316734413767734a4b52304646362b4a586d45746f41414142325633373258564a632b54474b414f417066353778757678686e72307679585835336c5679303778372b574442725a6f317877546930526856654273725a5141636c6a38636530747a7164363858724f4a52674141674730566c55687838454a36414f41354b395a75736633372b466a7638624c3431445035594d4774536a573355414d5975414f777a422b4f50614348735a726630775941414c416a333941716b596f41525144776c4632376d3254312b7a73643862372b647551303254356b41423830754e586e4538484b6f64546762517a634158534a50787a626f666d693370796b655a5647414143416e5a51454a314d43414d395a2f4e496d61553435593256776f7269582f506d55612f6d67776130714e462b6c426d396a34413667572f7a68324149396e434c70693672757068454141464234525649637649676141486a4f346c656374666e7a576639597154763958443577634b73764a344b5666616a4275786934412b6732667a6a576f726c4c6278366e2b53754e4141434151764946546850704f346f6941486a4f697263536a6e75662f33444546624a6c2b47412b6548416a733976757339546758517a634166535950787837582f4e7076566d6c655a6c4741414241495a534d346d4b70414c7a6e355458625a46757979584876393435697639783738725853566c54454278467539493145734c4b45476a7a366d4a514b4147534c5078783749526b4a6e6134337636793558644f5056674141514c345568365a534171793655374f7177335069696b7a3250552f7575417167343955642b325435392f546d51344765577252796b325066397863716a7048547a70677355355938797763536268505366467a7a4e3672776e714b32746a5a61414a42317955686f6d42352b6f726d424e674141514d3666325053706c4971507a4b4d49574a48536d4d6571573233326676563073472b473936575a322b5561662b613254394f33773976314e2f396c6376523732466c6341462f38372f6d795a724e7a4c3676567036314a376c70787077783762777366544c6a4e736b413865675931655042784b514e33414c6d556a49516d367546757a546d3041514141637158302b482b566b6a502b6b794a6778584f61433667683533493532442f7337336c2f552f3052723051544637662f687149693866732f6649462f333137364a706b314a76344b6e355436307474325330754c32333973464f6d76392b39585a767553743235726b49392b2f326c4a4f58793063303744572f4b74756238305179722b3538427471674c7836417655344332736c414751552f357762456b794570716b4e7a2b682b616c6d4e4b3041414942734b77354f6f5152594e594d4b386d4a6e6839733738763258487a47736c337a69746d63573673327a732f486e395337315358466d534639655569796c78656e624a62376939682b3333772f70542f6e4c5068797a39436f76325466586c334c392f53575a7758364a72306a4b536a386337506571365042373950594866302b5a2f70374d6e31327178347079582b627630642b542b51624379725662485439734e785a57484356314579624a655576722b4a3844742f6d36686f4737783343474f34433853555a43357179556d7a5866466c3575436741417376576b706d4b3456487869435558414b6e4d4353497761334b2b717076593659582b79597778494a65586e4c393468413766736f41793469566c6a646b7767486c31504664355254415541387355666a695531503953626c5a70374e487a4844774141394a687635455755414b755743634e324c336c5973346b616e47464873562f75472f3978696f44626d4e6e7256366e4265783930414d6772667a693255664e5a76586d365a6a364e414143416e7641464c365145574d553647512b706d3137647249632f3059527a504e31726e43776250344569344459334a6f4b5676616e424f78693441796759667a6a326b6d61793370796d655a5647414142416c3558306c654b5235394944724a704a425a377a422b4756745937792b2b413032544f41325352635a59446d5539546748517a6341525363507879626f3465544e5a2f547645736a414144417170495246346e344b69674356717a4e424235534e3733364c5430385452504f73624734727a78343674555541626468725979484d4841485941762b6343796c4d532f335046627a4c63314f576745414149666a4330366d42466a464f686e762b6930564f4d736a665366496d754f507077693479596d4a594f5835314f414e444e77423245726d77716f2f30357448617537554e4e414b4141446f2f4e6c4d6d5253506d6b7750734971427533664e46693665366a6a33486e6d314e4a5758554154637049594b505049516c516f41324a452f484e757575555676486d636561326c6161515541414852554d7578386b6649424641457234706f56314f424e6d59756e336b4d547a724b325a4b673864667055696f4362584a30495667366c4276646a3441374131767a685745787a6f39343853664e3334594a48414141676733557936494b5a504937305041627544765458515266496c6847444b514a7555537270613966423552693441334145667a6932526e4f64336879766d55556a41414234585a4555427a6e7a455a61785473626a36715a5876364748525454684c5056465a584c2f75493951424e7a6b43346c674a664e596c2b4d44444d42522f4f4859616f32355a5033706d69647042414141622f494e4f6c4f6b3978455541537532614636674271672f5534487a504e507265486e7070464d70416d3568726c64334554573447774e334149376b44386457614337566d3264726e714d52414143387053523441535841716a6e43395943515a6c5a554e6c4b4438397754756c4b5376637370416d3778525370774e77627541427a4e483434743170686e3343627a61515141414938386b516d7854676157735534473765716d562b2f5177794d3034547a762b41624b59366465536846776979735477636f68314f446978366c55414d414e2f4f48596335724a65764d385964554d4141437535757433764d6941536f71414662733154314d444f6d43746a454d394d48435376423863546846774133507831444131754263446477437534672f48366a71736d706c44497741417550424a7a436a4f626f646c6a776b72524c412f387732594c645467504531464a664c3373566452424e7a697331546734736571564144416a544b725a7162707a644d304d7a56747441494167447634516c4d6f4156624e70414a3056446539756c6c594d2b52597a2f724879756f5454714949754d4734524c44794c4770774a77627541467a4e4834363970506d49336a78523068644a5374454b4141444f566551664a55564454364d49574e476b655a516130496d2f556f467a335465365770704c665251424e3769524374794a67547341542f43485936397072744f6278326c2b6f326d67465141416e4b646b35455755414b756530757968426e5269675759444e546a5432704b684d762b3038796b436276434a524c43796e4272636834453741452f78683250724e502b714e30647266716a5a5469734141446a6f43557a6f516b714156593951415470544e373361764f7231415a70777276754754705664412f7451424a7875674759614e626a7738536f5641504169667a693257664d6476526e53664630547078554141477975624941556a7a6948486d434647616a4f6f67596341674e3342397465354a665a34792b6e434c6a425a366a4166526934412f4130667a6932522f4e7a76586d304a71783568565941414c436e6b694d75306d6377705251424b353758624b554748457a64394f716c776b6b336a6a617a33356b53487a4f4b497542306c7957436c554f6f7756305975414f4174412f656d7a562f305a736e61387970456e4e7042514141652f45464a314d43724a70424265447a784e316170466a2b63537a624f4f42344a5a707271634664474c67445141662b634b784e38376a6d59763368695a7266437864594251436738487a6c556a78714d6a33414b74624a77416f47376737336645576c76446275424971413033325343747946675473414849512f48487456383057396156366e654b746d41363041414641594a634d7545436e725378477759706b6d526732775949466d437a553432774f6879365374714967693447526e4a344b566f366e4250526934413842682b4d4f78625a6f66366330786d6b39706c74494b4141443535655073646c6a485763757770473536646173655a744f457336307147796b766e6a4b524975423031314f42657a42774277434c4d6e7665373965595233506e617636756161595a414142792f37536c4f445356476d445654437041462f414e47686434594d5446306c5265516846774d676275726e726b4367446f4d6e3834746c427a6e64344d6172367269644d4b4141433534527479746b69766f5251424b395a6d416c673154314e5044633632336865512b6165635278467773704d5477637178314f414f444e77426f4166383464676d7a662f6f7a534d31313269656f685541414c4b725a4e51466c4143724f46735a5856493376627052306b4e334f4e7744517936557666313655515363374f4e553441344d33414567432f7a68574b766d4563306c2b734e4b7a64326137545144414541576e7253454c714945574d5841486433784b4255343339626933764c6b7961776667364e39676770633874695643674167752f7a683244724e7a58707a704f5a477a534a61415143676533774454684c70667952467741717a346d38464e61416248714d436433683434446d7963314266696f42546e5a67495668354c4463374877423041637351666a6955313932724f30522b65494f6d7a33726652444141413170574d6d6b494a734d70634c4c574e4774425664644f727a54647256744f45382b30704b706648543769594975426b48364543353250674467423534412f4858737563395435436336316d4c6b384941514134724c626949362f59537732776948557936416e5779726a45492f33506c4f3144426c41456e496f393769374177423041387367666a6a56702f7145787031325931386666726e6d585a674141324d2b4c6d712b5854376a3958426c3458472f71674156624e43395141337267535370776832525271547878504c76633456696e4a594b56495770774e676275414641672f6e447348633333394f5a6f7a655761427a514e4e414d413843677a5a502b6d2b62716f58782f5030767938654e792f6e4530747347694f7070556130414d4c4e556c716349635a2f632b554c634d485551536361686f564f46745257787362445144414c704b525548394a763454734d35727a61415141344749707a58784a3739326534512f483375766b625a3758564645564c4b6757566f4b676836707161702f517779553034513466322f5769664f613542796743546a517645492f794d673048592b414f414461566a49544d79706e505a48494d6a514141584b424a3837536b64323350386f646a57772f78746b4d3137777576797358683764594d305452534258716971716257764d726d5a7a5468446d56744c664b7270542b52495275335551616370735638585176456f7a756f77706c4b71414141374d6b666a7133587732306d79556a6f484432474a58334256613441424142776b703261787a537a4e452f6f31376564466e2f666c634b77486461597a792b473763694765565467486b31464a544c6e2b4d766b737876766f7777346a5a6e58587148354b31553439774d49414c4135667a686d646b6f7554455a432f3635486338485654306e3670644e63534134415945667661475a6e4d6c2b2f6a6a563334382b346d68706830557771514a6173307068583367796d436e6434764d393475584c3434357a6c4469637931336c6a344f3551724a51424149644b526b4b394a4830786c57737a58347a4c614155415543446d536356535461316d746a38635739584450362b505a6f756d676d707847475a4e6b626b793468367151445a553164512b70496550306f5237584c646a67567a2f2f454d554161644a61495947346c4575434f35416e4f454f4141376c443866713957437541765241356d4b7231356a486b356f70334c384441504c4172495a3553744958716e784d7679357479654b6666616b7762496331356e4f5159547579795679736d59473769387a7150314575472f7955444e6936697a4c674a41484e575a6f46564f453844475141774155792b3344764e556c475175596963782f526646787a76735a48517743414c486c563837696b682b7776364e65666c687a395061795467565750554147797249344b3343565a5643727a786c346748333168466d58416163777232526d344f7841725a5144417a5138754979487a5858467a3572735a584a6a6437367964415142307851354a58305451444e6d663949646a372b626837797a5662425975456f374453326d475358726e4e70415656545731356d5356375a712b744f45652f6473613546643174307566486657554153645a465968485436454735324867446741656b566b37593735442f6a464a7631532f463630414141356742706a4c4e55396f6e745173396f646a2b6434644f6c557a6c7738464c48684f63774531494e7571616d724e6665416c4e4f457558396a36704651766649496934445444412f486f4a6d7077466c624b414942485a4e624f2f4d306b47516e354a5431384e32652b5677746e45514b416c363254394944376163327a2b765669653448666e3276346b4d436947565341484446725a52693475387a4d7743535a3075645a386539707041773469586d6c2b6c2b6f77566b34777830415043345a435a6c76766b3753584b6d5a706a6d475667444131637a366a61663378522b4f76574f6e357965617547596b48795a594d466f546f775a6b5731564e72626b4f306e4d30345435663354524870723734444558415366345369456644314f4173444e77424150744a526b4a6a4a5431384e32652b6d3046384d613041674b4f5a4d39626e53336f582b334f61562f33686d463266424a796857634b48444259737933792b41466c585656506257772b3765427a73506d4e61452f4b2f542f3149537070624b514e4f7356457a496843504d7342314541627541494344796c7830316179654d57652b6d35657939616356414c41394d3242664b4f6b7a324a2f54764f77507831494f6564392f70506c50506f5377344c383050365947354570565465334c656a694a4a747a6e752b2f634a784e574c6163494f4d6e3451447a364d6a5534427a76634151414835512f48456e71347a79537a65755a7353652b7a4e426464505533534c2f304841425357576348796771523344707538357141422b34477535734d4a69325a5341584c4d764e71476762734c5058374565517a6334545158616869344f77686e75414d417569555a4351325239466e766c3251796c465941494f664d672f6658704d4f4133522b4f7557574839624761312f6b5177344b316d754f7041626c5556564e376b78352b51785075394c39727073737830585555416165594859684872364947352b414d64774241742f6a44735331362b4b744a4d6849795a3771664b682b652f57374f68432b6c4a51446f73575a4a37367265642f6236777379726a39794973397468315177715142347370514c336d6873366a3445376e475279496c6a704338536a58487a4149546a444851435164636c49714a6365716a5158614b5a4b65686a5052616341345044653137776f3656554743387a5248343431654f5466766b687a4670384373474343686e3051794b6d716d6c707a67754a755451567475452b4a704f545879333469517a64736f51773478526d426548515a4e54674441336341514d346c49364542657067733664317a4a69665143674449486b6d667662346b6b38582b634f77396a335a78684d623832376b3243413748584c4e67744b54584b77453556565654612b36627a36414a6437702b7877747933664d505577536334705a4150486f6e4e5467444b32554141446e6e44386432364f4752544d77416672696b7a33366672446c66637877744158413538784c67562b54447339664e63593365502f4c53344c5270777241643170694c70544a7352373659697851796348657032763454354d702b6a306e7658556e4b67424f593538344d3342324367547341494f2f3834646847506677746b333058594a306b365455304a6d59466a592b6d41446a596d354a656557463241432f57724e4437766e70714f61687271414157736238642b62534b43747872643147464c446c756f6c79776444356c77416e4f535151726977507861496f7137492b424f77436734444958594a325a69526e413935483068566633446544504e47394755774273714558535a36362f70466d3537366a336137757078724c2b6b6e37564533413435764843433953415046704a42653732354f437a3951735141336334776b444e754d7a6a5474676341336341674f3334777a477a313368754a6d5941583661485579513965443837637a794b7067446b6d626c762b6d436f6e6a6d2b6f76645a7a56545449356470797167424673795239486f6d4946396570674a3357314d36544e614f50553747726e32644d754145356c5868444e77646749756d416741634b526b4a4464584452506c7741472f53683259415a456c63396a397a3357536450787a6a77585032506143356c6870675162586d55577041506c5856314c347436517631777155753337744b627070334c30584143653450784b4f666f676237592b414f414843465a4352554c4f6d58324a326c6d61413558584f79634e596b674550626f486c4e30735031315a6e62722f6e44735631556b78666c6b6c3454307063716342686d545a4f35356b736a56534366716d70717a537372716d6e437663726157755433692f3548426d7a6453526d7775336343386567596172412f56736f4141467a424834365a693865386b736b667a4d386c4979487a6463344d3466634e344533476179706f4450436354664c68594e336b56524f39373968424e5156316f544273687a575043634e32464d5962564f42755455556c73754459732b534b725539534275787564434a594f5377516a323669436e746a344134416343312f4f4759755a7668794a6e38795035635a776f2f566e4359664475444e6d66414461517877504c50622b57324e576351616c665351704833417276634843657178706175704142624e7041495579426f71634c2f484235346c6c35624f4656397a696a4a67642b595633624f6f7764345975414d415043557a684e3933686d746b3338386e493647526b6836386e35534a7558323870705457414e743556374e4f39682b736d377a4642557764786177436d30594e734b424a324e324f777546716d6834513977325131574e506c6c4e577236514d324230446477646734413441674c515034742f5467386e6a2b33347547516d5a596273354733376645503734544937572b47674e79436e7a55746d334a4431514e385031745a6e625566332f7570643658504f456354673177494b6e4e48756f4151584347653465555466734441627563494b4a5647422f584451564149417579677a694b7955396a4463442b4f4d6b76537665485076514547444a646b6d7666336b7263397a76746a386371366369313774446377733177494c50612f354944536955717070617335614d39594d7556794b743873654674386d417256773348625a6d766748645078435073762f493176636e41414367537a49724b31374c5a442f4a5343696b68324d6c5058772f536e4e4d68794d58613457586d4975527869553951462b6679516533396638527a3262422f6e5a595951594b76485165685762577970784644653757496a355a6373784575586a72303551424f2b7554656236356c697273693445374141425a35412f48596e6f7732652b52656a49534b744c44434e6c2f414c3876597a5142326f4f446d4855765a6f2f36766c564d386379504e32534f37374c3242596478677152664b5151637a764f6172645341416a4f7677474c6737674850444a77674677734464396a6536634c413364595975414d416b41662b634d7a73634e73336e4a782f344b386e49364865656869744357574f2b32377679796868627a78796230736d477a57624a543141377a68554e38634e584a67555763445a376242714268584142745a54675465734b52306d6278317a6c4279313769334b674a325a676674667163472b474c6744414741446d624f424f3131545979516a49544e734e3266494279553966422b572b6645526d597955394d55484239456d4f6a434438593444394d325a322b5a733051325a5839755579566239504779684d75514a4133645978546f5a324d4862564f41644330644e594f414f757a754e4375794e69365943414f41697955696f5850596677672f4f5a47694832304d79507a62442b584a616334516d54534b5437523175627a766778397337484c663577374874564163624d7438346a4645444c46696d4f594d61554768564e625654395443584a7278685946745366765030443651693255515a7343747a4c615142675869556f61354e635959374141417534672f4847695639467462625674342b47516d5a692b36593462735a777073393876334e6737644d446e58627044654e48395a757a5a34446a6a7379747a762b2f4d374d37643064667332385866736758542b753956514a46376d4b436d41523632526746357a7537434862692f7a79386e476e794d5356537967446474565030746342593932565454467742774441772f7a68324c37686272656553475947396e354a44392f3761696f363344592f3379767a674e4373784f6d662b57316c6d5a2b587a4c457363397638656c486d62667432343933702b50764d32523437442f68314d375475654b7053713651483342325a4c76617456576e494a4b6b783338677761332b614f377a4e37737966596334775357582b507650336d6b4635537276647857635930436e57796343716d5651416d34686e76745958553455334c427879716b77554275367774664843774e323257436b4441414141494638475376706141707a3467384e5a717a6d65476d41585654573137307636656a6e7767424a706c5876716669443974752b68444e6a563977507836473355594539386478594141414241766c514c77335a59777a6f5a324d3137564f41644c654b546c5565665168477773354f70774c345975414d41414144494639624a77436f47377243626a5654674c59734370314943374f776b4b724176427534414141414138734663312b4553616f41465a6c2f32436d71417a58434775386373726a6853456b4d485567547336706845734c4b434775794a6754734141414341664a6771365973714134646a7a6d376e596d4f776d2f6570774674535569544c6a2b5173643969576d656b65537733322f65414141414141514b3564517757776948557973434d47376836305943414464396761467865334b5162754141414141484c4e70376d53476d444246733043616f424e507a66684d532b566a5a4b4e49346452424f794b6762744e4d584148414141416b47766e61675a544179795972576d6c427467514133655057686b386d524a67562b4f6f774a345975414d41414144494e64624a7743725779634375456c5467545576366e30674a734b766a714d4365474c674441414141794c577271514157374e4c4d6f77625946414e336a31706548704c4530494555415473366867727369594537414141416746776172786c44446244676355306a4e63436d474c6837324d756a5436494532464776524c42794a44585944774e3341414141414c6e4532653277696e5579734b32363664586d6d3048314e4f464e797765795667613278566e754e73544148514141414541757362386456706868356d5055414a766a4c486550576c68786c4f775a304a73695945634d33473249675473414141434158426b6a365a5579774f484d3165796842746a635869727770686278795374486370593762496d427577307863416341414143514b3679546756557a7151414f6b4b514337316f524f4945535945646a714d422b474c674441414141794258577963434b6c4759574e634142646c4b426479336f646177306c5a6451424f786d4e42585944774e3341414141414c6b7757444f4a476d4442664d3032616f4144634e46554439745456433576486c564a456243624d56526750777a6341514141414f54436c547a66674557736b34465473464c47343134646643776c7747364f5341517279366e42586e67414441414141434158324e384f71783668416a6a456269727774685639786c494337436845426662437742304141414241747658575845774e734743704a6b344e414a7a6731644c68736d315967434a674e30457173426347376741414141437937524a4e4254584167686c55414164687051786b7a616a6a4b5146324d34494b374957424f774141414942735935304d72474b64444a796b6b517177657342786c41433747556b4639734c4148514141414541326c57717171514557724e47737051594154724b6f563657306c506f6f416e6243774e316d474c674441414141794b627a4e414f704152617754676141342b77737170443152783546456241545673725944414e3341414141414e6e454f686c594e5a4d4b3444414e5641446a3963464855774c7368445063625961424f774141414942734b644a6352513277494b355a546731776d4449716750466148776275734a584256474176444e7742414141415a4d76706d69413177414c57796343);

-- --------------------------------------------------------

--
-- Estructura de tabla para la tabla `tb_encomienda_cab`
--

CREATE TABLE `tb_encomienda_cab` (
  `id_encomienda` int(11) NOT NULL,
  `id_cliente` int(11) NOT NULL,
  `id_usuario` int(11) NOT NULL,
  `id_bus` int(11) NOT NULL,
  `id_sucursal_partida` int(11) NOT NULL,
  `id_sucursal_llegada` int(11) NOT NULL,
  `id_envio` int(11) NOT NULL,
  `situacion` char(1) DEFAULT '1',
  `id_usuario_creador` int(11) NOT NULL,
  `fecha_creado` datetime NOT NULL,
  `id_usuario_modificador` int(11) NOT NULL DEFAULT 0,
  `fecha_modificado` datetime NOT NULL,
  `codigo` varchar(255) DEFAULT NULL,
  `tipdoc` int(1) DEFAULT NULL,
  `id_consignatario` varchar(255) DEFAULT NULL,
  `celular` int(9) NOT NULL,
  `dni` int(10) NOT NULL,
  `delivery` varchar(40) NOT NULL,
  `direccion_delivery` varchar(250) NOT NULL,
  `conductor` varchar(150) NOT NULL,
  `id_encargado` int(11) NOT NULL,
  `id_pago` int(11) NOT NULL
) ENGINE=MyISAM DEFAULT CHARSET=latin1 ROW_FORMAT=DYNAMIC;

--
-- Volcado de datos para la tabla `tb_encomienda_cab`
--

INSERT INTO `tb_encomienda_cab` (`id_encomienda`, `id_cliente`, `id_usuario`, `id_bus`, `id_sucursal_partida`, `id_sucursal_llegada`, `id_envio`, `situacion`, `id_usuario_creador`, `fecha_creado`, `id_usuario_modificador`, `fecha_modificado`, `codigo`, `tipdoc`, `id_consignatario`, `celular`, `dni`, `delivery`, `direccion_delivery`, `conductor`, `id_encargado`, `id_pago`) VALUES
(1, 2, 2, 1, 49, 50, 0, '1', 2, '2022-10-14 00:00:00', 2, '2022-10-14 00:00:00', '887951', 3, 'Jose', 989456210, 74125895, 'Delivery', 'av a', '', 1, 2);

-- --------------------------------------------------------

--
-- Estructura de tabla para la tabla `tb_encomienda_det`
--

CREATE TABLE `tb_encomienda_det` (
  `id_encomienda_det` int(11) NOT NULL,
  `id_encomienda` int(11) NOT NULL,
  `producto` varchar(255) NOT NULL,
  `peso` varchar(255) DEFAULT NULL,
  `descripcion` varchar(255) DEFAULT NULL,
  `cantidad` int(11) NOT NULL,
  `precio` int(6) DEFAULT NULL,
  `estado_detalle` int(11) DEFAULT NULL,
  `fecha_registro` datetime NOT NULL,
  `codigo` varchar(255) DEFAULT NULL,
  `si_liquidacion` int(11) DEFAULT 0,
  `precio_delivery` int(11) NOT NULL
) ENGINE=MyISAM DEFAULT CHARSET=latin1 ROW_FORMAT=DYNAMIC;

--
-- Volcado de datos para la tabla `tb_encomienda_det`
--

INSERT INTO `tb_encomienda_det` (`id_encomienda_det`, `id_encomienda`, `producto`, `peso`, `descripcion`, `cantidad`, `precio`, `estado_detalle`, `fecha_registro`, `codigo`, `si_liquidacion`, `precio_delivery`) VALUES
(1, 1, 'polos ', '', 'polos ', 1, 25, 0, '2022-10-14 00:00:00', '887951', 0, 0);

-- --------------------------------------------------------

--
-- Estructura de tabla para la tabla `tb_estado_bus`
--

CREATE TABLE `tb_estado_bus` (
  `id_estado` int(11) NOT NULL,
  `id_bus` int(11) DEFAULT NULL,
  `estado` varchar(2) DEFAULT NULL,
  `id_sucursal` varchar(2) DEFAULT NULL
) ENGINE=MyISAM DEFAULT CHARSET=latin1 ROW_FORMAT=DYNAMIC;

--
-- Volcado de datos para la tabla `tb_estado_bus`
--

INSERT INTO `tb_estado_bus` (`id_estado`, `id_bus`, `estado`, `id_sucursal`) VALUES
(1, 1, '1', '2');

-- --------------------------------------------------------

--
-- Estructura de tabla para la tabla `tb_facturacion_cab`
--

CREATE TABLE `tb_facturacion_cab` (
  `id_facturacion` int(11) NOT NULL,
  `id_sucursal` int(11) NOT NULL,
  `id_tipo_documento` int(11) NOT NULL,
  `n_documento` char(13) NOT NULL,
  `id_cliente` int(11) NOT NULL,
  `valor_total` double(13,2) NOT NULL,
  `igv_total` double(13,2) NOT NULL,
  `precio_total` double(13,2) NOT NULL,
  `id_usuario_creador` int(11) NOT NULL,
  `fecha_creado` datetime NOT NULL,
  `id_usuario_modificador` int(11) NOT NULL DEFAULT 0,
  `fecha_modificado` datetime NOT NULL,
  `id_moneda` int(11) DEFAULT NULL,
  `id_bus` int(11) DEFAULT NULL,
  `precio_texto` varchar(255) DEFAULT NULL,
  `fecha_envio` datetime DEFAULT NULL,
  `codigo` varchar(255) DEFAULT '0',
  `id_sucursal_llegada` int(11) DEFAULT NULL,
  `id_tipo` int(11) DEFAULT NULL,
  `consignatario` varchar(255) DEFAULT NULL,
  `si_liquidacion` int(11) DEFAULT 0,
  `id_pasajero` int(11) DEFAULT NULL,
  `eliminado` tinyint(11) NOT NULL DEFAULT 0
) ENGINE=MyISAM DEFAULT CHARSET=latin1 ROW_FORMAT=DYNAMIC;

--
-- Volcado de datos para la tabla `tb_facturacion_cab`
--

INSERT INTO `tb_facturacion_cab` (`id_facturacion`, `id_sucursal`, `id_tipo_documento`, `n_documento`, `id_cliente`, `valor_total`, `igv_total`, `precio_total`, `id_usuario_creador`, `fecha_creado`, `id_usuario_modificador`, `fecha_modificado`, `id_moneda`, `id_bus`, `precio_texto`, `fecha_envio`, `codigo`, `id_sucursal_llegada`, `id_tipo`, `consignatario`, `si_liquidacion`, `id_pasajero`, `eliminado`) VALUES
(1, 49, 3, 'B003-00000001', 2, 21.19, 3.81, 25.00, 2, '2022-10-14 00:00:00', 1, '2022-10-14 00:00:00', 1, 1, '21.19', '2022-10-14 00:00:00', '887951', 50, 2, NULL, 0, NULL, 1);

-- --------------------------------------------------------

--
-- Estructura de tabla para la tabla `tb_facturacion_det`
--

CREATE TABLE `tb_facturacion_det` (
  `id_facturacion_det` int(11) NOT NULL,
  `id_facturacion` int(11) NOT NULL,
  `cantidad` int(11) NOT NULL,
  `id_categoria` int(11) NOT NULL,
  `id_producto` int(11) NOT NULL,
  `precio_unitario` double(13,2) NOT NULL,
  `igv_total` double(13,2) NOT NULL,
  `precio_total` double(13,2) NOT NULL,
  `descripccion` varchar(255) DEFAULT NULL
) ENGINE=MyISAM DEFAULT CHARSET=latin1 ROW_FORMAT=DYNAMIC;

--
-- Volcado de datos para la tabla `tb_facturacion_det`
--

INSERT INTO `tb_facturacion_det` (`id_facturacion_det`, `id_facturacion`, `cantidad`, `id_categoria`, `id_producto`, `precio_unitario`, `igv_total`, `precio_total`, `descripccion`) VALUES
(1, 1, 1, 1, 1, 25.00, 4.50, 25.00, 'polos ');

-- --------------------------------------------------------

--
-- Estructura de tabla para la tabla `tb_liquidacion`
--

CREATE TABLE `tb_liquidacion` (
  `id_liquidacion` int(11) NOT NULL,
  `correlativo` char(11) DEFAULT NULL,
  `id_sucursal_inicio` int(11) DEFAULT NULL,
  `su_inicio` varchar(250) DEFAULT NULL,
  `id_sucursal_fin` int(11) DEFAULT NULL,
  `sucu_fin` varchar(250) DEFAULT NULL,
  `id_bus` int(11) DEFAULT NULL,
  `nombre_bus` varchar(250) DEFAULT NULL,
  `total_comprobante` decimal(6,2) DEFAULT NULL,
  `total_encomienda` decimal(6,2) DEFAULT NULL,
  `total` decimal(6,2) DEFAULT NULL,
  `porcentaje` int(1) DEFAULT NULL,
  `n_porcentaje` decimal(6,2) DEFAULT NULL,
  `importe_total` decimal(6,2) DEFAULT NULL,
  `id_usuario_creador` int(11) DEFAULT NULL,
  `fecha_creado` datetime DEFAULT NULL,
  `id_usuario_modificador` int(11) DEFAULT NULL,
  `fecha_modificado` datetime DEFAULT NULL,
  `id_sucursal` int(11) DEFAULT NULL,
  `gastos` decimal(6,2) DEFAULT NULL
) ENGINE=MyISAM DEFAULT CHARSET=latin1;

-- --------------------------------------------------------

--
-- Estructura de tabla para la tabla `tb_moneda`
--

CREATE TABLE `tb_moneda` (
  `id_moneda` int(11) NOT NULL,
  `codigo_sunat` char(4) DEFAULT NULL,
  `descriocion_sunat` varchar(255) DEFAULT NULL,
  `abreviatura` varchar(255) DEFAULT NULL,
  `simbolo` varchar(255) DEFAULT NULL,
  `estado` char(1) DEFAULT '1',
  `defecto` char(1) DEFAULT '0'
) ENGINE=MyISAM DEFAULT CHARSET=latin1 ROW_FORMAT=DYNAMIC;

--
-- Volcado de datos para la tabla `tb_moneda`
--

INSERT INTO `tb_moneda` (`id_moneda`, `codigo_sunat`, `descriocion_sunat`, `abreviatura`, `simbolo`, `estado`, `defecto`) VALUES
(1, 'PEN', 'Nuevo Sol', 'Nuevo Sol', 'S/.', '1', '1'),
(2, 'EUR', 'Euro', 'Euro', '&euro;', '0', '0'),
(3, 'USD', 'US Dollar', 'US Dollar', '$', '0', '0');

-- --------------------------------------------------------

--
-- Estructura de tabla para la tabla `tb_pago`
--

CREATE TABLE `tb_pago` (
  `id_pago` int(11) NOT NULL,
  `pago` varchar(50) NOT NULL
) ENGINE=InnoDB DEFAULT CHARSET=utf8mb4;

--
-- Volcado de datos para la tabla `tb_pago`
--

INSERT INTO `tb_pago` (`id_pago`, `pago`) VALUES
(1, 'Efectivo'),
(2, 'Pago en Destino');

-- --------------------------------------------------------

--
-- Estructura de tabla para la tabla `tb_producto`
--

CREATE TABLE `tb_producto` (
  `id_producto` int(11) NOT NULL,
  `codigo_producto` varchar(255) NOT NULL,
  `codigo_sunat` varchar(255) NOT NULL,
  `nombre_producto` varchar(255) NOT NULL,
  `stock` int(11) NOT NULL,
  `id_unidad_medida` int(11) NOT NULL,
  `estado_producto` tinyint(4) DEFAULT NULL,
  `id_tipo_producto` int(1) UNSIGNED ZEROFILL DEFAULT NULL,
  `precio` double(15,2) DEFAULT NULL,
  `id_usuario_creador` int(11) NOT NULL,
  `fecha_creado` datetime NOT NULL,
  `id_usuario_modificar` int(11) NOT NULL,
  `fecha_modificado` datetime NOT NULL,
  `id_proveedor` int(11) NOT NULL
) ENGINE=MyISAM DEFAULT CHARSET=latin1 ROW_FORMAT=DYNAMIC;

--
-- Volcado de datos para la tabla `tb_producto`
--

INSERT INTO `tb_producto` (`id_producto`, `codigo_producto`, `codigo_sunat`, `nombre_producto`, `stock`, `id_unidad_medida`, `estado_producto`, `id_tipo_producto`, `precio`, `id_usuario_creador`, `fecha_creado`, `id_usuario_modificar`, `fecha_modificado`, `id_proveedor`) VALUES
(1, '001', 'ff', 'polos', 12, 1, 1, 1, 15.00, 1, '2018-11-23 00:00:00', 0, '0000-00-00 00:00:00', 1),
(5, 'Codigo999', 'ff', 'Producto', 20, 1, 1, 1, 15.50, 1, '2018-11-26 00:00:00', 1, '2018-11-29 00:00:00', 2),
(6, '005', 'cedd', 'cesss', 15, 2, 1, 2, 18.00, 1, '2018-11-29 00:00:00', 0, '0000-00-00 00:00:00', 0),
(7, '', '', '', 0, 0, NULL, NULL, NULL, 0, '0000-00-00 00:00:00', 0, '0000-00-00 00:00:00', 1);

-- --------------------------------------------------------

--
-- Estructura de tabla para la tabla `tb_proveedor`
--

CREATE TABLE `tb_proveedor` (
  `id_proveedor` int(11) NOT NULL,
  `id_tipo_persona` int(11) NOT NULL,
  `nombre_proveedor` varchar(100) NOT NULL,
  `id_tipo_documento_identidad` int(11) NOT NULL,
  `n_documento_identidad` varchar(11) NOT NULL,
  `direccion` varchar(255) DEFAULT NULL,
  `correo` varchar(255) DEFAULT NULL,
  `telefono` char(9) DEFAULT NULL,
  `id_usuario_creador` int(11) NOT NULL,
  `fecha_creado` datetime NOT NULL,
  `id_usuario_modificador` int(11) NOT NULL,
  `fecha_modificado` datetime NOT NULL,
  `estado` char(1) DEFAULT '1'
) ENGINE=MyISAM DEFAULT CHARSET=latin1 ROW_FORMAT=DYNAMIC;

-- --------------------------------------------------------

--
-- Estructura de tabla para la tabla `tb_reservas_cab`
--

CREATE TABLE `tb_reservas_cab` (
  `id_reservas` int(11) NOT NULL,
  `codigo` varchar(255) DEFAULT NULL,
  `fecha_registro` datetime DEFAULT NULL,
  `id_cliente` int(11) DEFAULT NULL,
  `id_usuario_creador` int(11) DEFAULT NULL,
  `fecha_salida` datetime DEFAULT NULL,
  `est_eliminar` int(11) DEFAULT 0,
  `id_sucursal` int(11) DEFAULT NULL,
  `id_sucursal_llegada` int(11) DEFAULT NULL
) ENGINE=MyISAM DEFAULT CHARSET=latin1 ROW_FORMAT=DYNAMIC;

--
-- Volcado de datos para la tabla `tb_reservas_cab`
--

INSERT INTO `tb_reservas_cab` (`id_reservas`, `codigo`, `fecha_registro`, `id_cliente`, `id_usuario_creador`, `fecha_salida`, `est_eliminar`, `id_sucursal`, `id_sucursal_llegada`) VALUES
(4598, 'AthjYX', '2021-10-01 16:53:54', 77, 37, '2021-10-01 00:00:00', 1, 49, 50),
(4599, 'TEcPR8', '2021-10-01 17:00:24', 77, 37, '2021-10-01 00:00:00', 1, 49, 57),
(4600, 'GFVcUF', '2021-10-01 17:21:38', 77, 37, '2021-10-01 00:00:00', 1, 49, 50),
(4601, 'PzjxMX', '2021-10-01 20:49:34', 77, 37, '2021-10-01 00:00:00', 1, 49, 56),
(4602, '2mXCez', '2021-10-08 12:23:39', 77, 37, '2021-10-08 00:00:00', 0, 49, 50),
(4603, 'uRRXpG', '2021-10-08 12:24:34', 77, 37, '2021-10-09 00:00:00', 0, 49, 51),
(4604, 'BFd2zM', '2021-10-09 18:53:35', 77, 37, '2021-10-09 00:00:00', 0, 49, 51),
(4605, 'DH33P2', '2021-10-13 19:00:36', 77, 37, '2021-10-14 00:00:00', 0, 49, 49),
(4606, 'zhRmVq', '2021-10-23 19:14:50', 77, 37, '2021-10-23 00:00:00', 0, 49, 50),
(4607, 'gU3nZz', '2021-11-07 08:46:43', 77, 37, '2021-11-08 00:00:00', 0, 49, 50),
(4608, 'zf8rYR', '2021-11-07 08:46:43', 77, 37, '2021-11-08 00:00:00', 0, 49, 50);

-- --------------------------------------------------------

--
-- Estructura de tabla para la tabla `tb_reservas_det`
--

CREATE TABLE `tb_reservas_det` (
  `id_reservas_det` int(11) NOT NULL,
  `id_reservas` int(11) DEFAULT NULL,
  `descripcion` varchar(255) DEFAULT NULL,
  `total` double(13,2) DEFAULT NULL,
  `id_bus` int(11) DEFAULT NULL,
  `id_bus_det` int(11) DEFAULT NULL,
  `codigo` varchar(255) DEFAULT NULL,
  `fecha_envi` datetime DEFAULT NULL,
  `pasajero` varchar(255) DEFAULT NULL
) ENGINE=MyISAM DEFAULT CHARSET=latin1 ROW_FORMAT=DYNAMIC;

--
-- Volcado de datos para la tabla `tb_reservas_det`
--

INSERT INTO `tb_reservas_det` (`id_reservas_det`, `id_reservas`, `descripcion`, `total`, `id_bus`, `id_bus_det`, `codigo`, `fecha_envi`, `pasajero`) VALUES
(5437, 4598, 'Piso # 1 asiento # 7', 50.00, 21, 677, 'AthjYX', '2021-10-01 00:00:00', 'RONALD CUEVA REYES'),
(5438, 4599, 'Piso # 1 asiento # 2', 50.00, 21, 672, 'TEcPR8', '2021-10-01 00:00:00', 'RONALD CUEVA REYES'),
(5439, 4600, 'Piso # 1 asiento # 9', 50.00, 21, 679, 'GFVcUF', '2021-10-01 00:00:00', ''),
(5440, 4601, 'Piso # 1 asiento # 1', 50.00, 35, 754, 'PzjxMX', '2021-10-01 00:00:00', 'RONALD CUEVA REYES'),
(5441, 4602, 'Piso # 1 asiento # 4', 50.00, 21, 674, '2mXCez', '2021-10-08 00:00:00', 'FACTURA'),
(5442, 4603, 'Piso # 1 asiento # 2', 50.00, 24, 701, 'uRRXpG', '2021-10-09 00:00:00', 'FACTURA'),
(5443, 4604, 'Piso # 1 asiento # 3', 50.00, 24, 702, 'BFd2zM', '2021-10-09 00:00:00', 'FACTURA'),
(5444, 4605, 'Piso # 1 asiento # 1', 50.00, 21, 671, 'DH33P2', '2021-10-14 00:00:00', 'FACTURA'),
(5445, 4606, 'Piso # 1 asiento # 1', 50.00, 26, 709, 'zhRmVq', '2021-10-23 00:00:00', 'FACTURA'),
(5446, 4607, 'Piso # 1 asiento # 1', 50.00, 32, 742, 'gU3nZz', '2021-11-08 00:00:00', 'FACTURA'),
(5447, 4608, 'Piso # 1 asiento # 2', 50.00, 32, 743, 'zf8rYR', '2021-11-08 00:00:00', 'FACTURA');

-- --------------------------------------------------------

--
-- Estructura de tabla para la tabla `tb_sucursales`
--

CREATE TABLE `tb_sucursales` (
  `id_sucursal` int(11) NOT NULL,
  `nombre_sucursal` varchar(100) NOT NULL,
  `serie_boleta` char(4) NOT NULL,
  `serie_factura` char(4) NOT NULL,
  `direccion` varchar(255) NOT NULL,
  `cod_direccion_fiscal` char(4) DEFAULT NULL,
  `estado` char(1) DEFAULT '1',
  `id_usuario_creador` int(11) NOT NULL,
  `fecha_creado` datetime NOT NULL,
  `id_usuario_modificador` int(11) NOT NULL DEFAULT 0,
  `fecha_modificado` datetime NOT NULL,
  `hora_viaje` datetime DEFAULT NULL,
  `serie_boleta_viaje` char(4) DEFAULT NULL,
  `serie_factura_viaje` char(4) DEFAULT NULL,
  `porcentaje` int(11) DEFAULT NULL,
  `direccion_real` varchar(250) DEFAULT NULL
) ENGINE=MyISAM DEFAULT CHARSET=latin1 ROW_FORMAT=DYNAMIC;

--
-- Volcado de datos para la tabla `tb_sucursales`
--

INSERT INTO `tb_sucursales` (`id_sucursal`, `nombre_sucursal`, `serie_boleta`, `serie_factura`, `direccion`, `cod_direccion_fiscal`, `estado`, `id_usuario_creador`, `fecha_creado`, `id_usuario_modificador`, `fecha_modificado`, `hora_viaje`, `serie_boleta_viaje`, `serie_factura_viaje`, `porcentaje`, `direccion_real`) VALUES
(50, 'CHIMBOTE', 'B004', 'F004', '1RO DE MAYO MZ. C LT. 11 NUEVO CHIMBOTE', '0002', '1', 21, '2019-03-01 00:00:00', 21, '2021-08-29 20:59:25', '2019-04-09 17:30:00', 'BV04', 'FV04', 0, NULL),
(49, 'LIMA', 'B003', 'F003', 'AV. ALFREDO MENDIOLA 4050 SMP', '0001', '1', 21, '2019-03-01 00:00:00', 21, '2021-08-29 20:59:52', '2019-04-07 17:00:00', 'BV03', 'FV03', 15, NULL),
(51, 'HUACHO', 'B005', 'F005', 'PASAJE VALDIVIA 1162 FRENTE AL TERMINAL', '0003', '1', 21, '2019-03-01 00:00:00', 21, '2021-08-29 21:00:29', '2019-04-20 18:00:00', 'BV05', 'FV05', 0, NULL),
(53, 'PARAMONGA', 'B007', 'F007', 'JR. LOS JAZMINEZ', '0005', '1', 21, '2019-03-01 00:00:00', 21, '2021-08-29 21:00:43', '2019-12-28 18:40:00', 'BV07', 'FV07', 10, '--'),
(56, 'HUARMEY', 'B009', 'F009', 'FRENTE AL TERMINAL TERRESTRE', '0007', '1', 21, '2019-03-13 00:00:00', 21, '2021-08-29 21:01:00', '2019-08-18 20:30:00', 'BV09', 'FV09', 10, NULL),
(57, 'BARRANCA', 'B010', 'F010', 'JR. ALFONSO UGARTE 907', '0009', '1', 21, '2019-03-13 00:00:00', 21, '2021-08-29 21:01:16', '2020-01-07 18:00:00', 'BV10', 'FV10', 10, NULL);

-- --------------------------------------------------------

--
-- Estructura de tabla para la tabla `tb_tipo_documentos`
--

CREATE TABLE `tb_tipo_documentos` (
  `id_tipo_documento` int(11) NOT NULL,
  `nombre_tipo_documento` varchar(100) NOT NULL
) ENGINE=MyISAM DEFAULT CHARSET=latin1 ROW_FORMAT=DYNAMIC;

--
-- Volcado de datos para la tabla `tb_tipo_documentos`
--

INSERT INTO `tb_tipo_documentos` (`id_tipo_documento`, `nombre_tipo_documento`) VALUES
(2, 'Efectivo'),
(3, 'Pago en Destino');

-- --------------------------------------------------------

--
-- Estructura de tabla para la tabla `tb_tipo_personas`
--

CREATE TABLE `tb_tipo_personas` (
  `id_tipo_persona` int(11) NOT NULL,
  `nombre_tipo_persona` varchar(100) NOT NULL
) ENGINE=MyISAM DEFAULT CHARSET=latin1 ROW_FORMAT=DYNAMIC;

--
-- Volcado de datos para la tabla `tb_tipo_personas`
--

INSERT INTO `tb_tipo_personas` (`id_tipo_persona`, `nombre_tipo_persona`) VALUES
(1, 'Natural'),
(2, 'Juridica');

-- --------------------------------------------------------

--
-- Estructura de tabla para la tabla `tb_unidad_medida`
--

CREATE TABLE `tb_unidad_medida` (
  `id_unidad_medida` int(11) NOT NULL,
  `nombre_unidad_medida` varchar(100) NOT NULL
) ENGINE=MyISAM DEFAULT CHARSET=latin1 ROW_FORMAT=DYNAMIC;

--
-- Volcado de datos para la tabla `tb_unidad_medida`
--

INSERT INTO `tb_unidad_medida` (`id_unidad_medida`, `nombre_unidad_medida`) VALUES
(1, 'Kilogramo'),
(2, 'Libras'),
(3, 'Toneladas Largar'),
(4, 'Toneladas Métricas'),
(5, 'Toneladas Cortas'),
(6, 'Gramos'),
(7, 'Unidades'),
(8, 'Litros'),
(9, 'Galones'),
(10, 'Barriles'),
(11, 'Latas'),
(12, 'Cajas'),
(13, 'Millares'),
(14, 'Metros Cúbicos'),
(15, 'Metros'),
(99, 'Otros');

-- --------------------------------------------------------

--
-- Estructura de tabla para la tabla `tb_usuarios`
--

CREATE TABLE `tb_usuarios` (
  `id_usuario` int(11) NOT NULL,
  `nombre_usuario` varchar(255) NOT NULL,
  `usuario` varchar(255) NOT NULL,
  `password` varchar(255) NOT NULL,
  `id_rol` int(11) NOT NULL DEFAULT 0,
  `id_sucursales` int(11) NOT NULL,
  `estado` char(1) DEFAULT '1'
) ENGINE=MyISAM DEFAULT CHARSET=latin1 ROW_FORMAT=DYNAMIC;

--
-- Volcado de datos para la tabla `tb_usuarios`
--

INSERT INTO `tb_usuarios` (`id_usuario`, `nombre_usuario`, `usuario`, `password`, `id_rol`, `id_sucursales`, `estado`) VALUES
(1, 'MELISSA', 'ADMIN', '$2y$10$h.99.QNmOjDCOLq9QrBfoOwQnDuVSHl6M.DEEttTzoFtu5CFoftqC', 1, 49, '1'),
(2, 'ANGIE', 'ANGIE', '$2y$10$NSMhV./TVgUJMchF2nvtnu9OpzkIwz8/iBrilkcgKAG4lKBfnNtB6', 0, 49, '1'),
(3, 'ABIGAIL', 'ABIGAIL', '$2y$10$mVG83bLno.Ow7PvUgHiXHuKDHI7v/98aUzvafD2Zezy8E15sErNYa', 0, 49, '1'),
(5, 'MARIAELENA BAQUERIZO', 'MARIAELENA', '$2y$10$OflNtZN3kgLn6.PCVEF60Obtip8Buh3A3XJt5/ifqSBxQaf.82t9i', 0, 49, '1');

-- --------------------------------------------------------

--
-- Estructura de tabla para la tabla `tmp`
--

CREATE TABLE `tmp` (
  `id_tmp` int(11) NOT NULL,
  `id_producto` int(11) NOT NULL,
  `cantidad_tmp` int(11) NOT NULL,
  `precio_tmp` double(8,2) DEFAULT NULL,
  `session_id` varchar(100) COLLATE utf8_unicode_ci NOT NULL
) ENGINE=MyISAM DEFAULT CHARSET=utf8 COLLATE=utf8_unicode_ci ROW_FORMAT=DYNAMIC;

--
-- Volcado de datos para la tabla `tmp`
--

INSERT INTO `tmp` (`id_tmp`, `id_producto`, `cantidad_tmp`, `precio_tmp`, `session_id`) VALUES
(4, 1, 2, 12.00, 's5gc4u9ee2k7ba9kfpfljlf704'),
(5, 1, 2, 12.00, 's5gc4u9ee2k7ba9kfpfljlf704'),
(6, 1, 2, 12.00, 's5gc4u9ee2k7ba9kfpfljlf704'),
(14, 1, 1, 12.00, 'cs67q8an1v74cc3djiesd6bh2g'),
(22, 17, 1, 15.00, '7endg033ncvq157hgnjbb60c56'),
(23, 1, 1, 12.00, 't306o7pk1nhgc32bi5nhpebjck'),
(19, 5, 1, 16.00, 'cs67q8an1v74cc3djiesd6bh2g'),
(24, 1, 1, 12.00, 't306o7pk1nhgc32bi5nhpebjck'),
(25, 1, 1, 12.00, 't306o7pk1nhgc32bi5nhpebjck'),
(26, 1, 1, 12.00, 't306o7pk1nhgc32bi5nhpebjck'),
(27, 1, 1, 12.00, 't306o7pk1nhgc32bi5nhpebjck'),
(28, 1, 1, 12.00, 't306o7pk1nhgc32bi5nhpebjck'),
(29, 1, 1, 12.00, 't306o7pk1nhgc32bi5nhpebjck'),
(30, 1, 1, 12.00, 't306o7pk1nhgc32bi5nhpebjck'),
(31, 1, 1, 12.00, 't306o7pk1nhgc32bi5nhpebjck'),
(32, 1, 1, 12.00, 't306o7pk1nhgc32bi5nhpebjck'),
(33, 1, 1, 12.00, 't306o7pk1nhgc32bi5nhpebjck'),
(34, 1, 1, 12.00, 't306o7pk1nhgc32bi5nhpebjck'),
(35, 1, 1, 12.00, 't306o7pk1nhgc32bi5nhpebjck'),
(36, 1, 1, 12.00, 't306o7pk1nhgc32bi5nhpebjck'),
(39, 1, 1, 12.00, '7endg033ncvq157hgnjbb60c56'),
(40, 1, 1, 12.00, '7endg033ncvq157hgnjbb60c56');

--
-- Índices para tablas volcadas
--

--
-- Indices de la tabla `correlativos`
--
ALTER TABLE `correlativos`
  ADD PRIMARY KEY (`id_correlativo`);

--
-- Indices de la tabla `encargado`
--
ALTER TABLE `encargado`
  ADD PRIMARY KEY (`id_encargado`);

--
-- Indices de la tabla `tb_buses`
--
ALTER TABLE `tb_buses`
  ADD PRIMARY KEY (`id_bus`) USING BTREE;

--
-- Indices de la tabla `tb_buses_det`
--
ALTER TABLE `tb_buses_det`
  ADD PRIMARY KEY (`id_buses_det`) USING BTREE;

--
-- Indices de la tabla `tb_categoria`
--
ALTER TABLE `tb_categoria`
  ADD PRIMARY KEY (`id_categoria`) USING BTREE;

--
-- Indices de la tabla `tb_cliente`
--
ALTER TABLE `tb_cliente`
  ADD PRIMARY KEY (`id_cliente`) USING BTREE;

--
-- Indices de la tabla `tb_codumento_indentidad`
--
ALTER TABLE `tb_codumento_indentidad`
  ADD PRIMARY KEY (`id_tipo_documento_identidad`) USING BTREE;

--
-- Indices de la tabla `tb_control_asientos`
--
ALTER TABLE `tb_control_asientos`
  ADD PRIMARY KEY (`id_control_asientos`) USING BTREE;

--
-- Indices de la tabla `tb_empresa`
--
ALTER TABLE `tb_empresa`
  ADD PRIMARY KEY (`id_empresa`) USING BTREE;

--
-- Indices de la tabla `tb_encomienda_cab`
--
ALTER TABLE `tb_encomienda_cab`
  ADD PRIMARY KEY (`id_encomienda`) USING BTREE;

--
-- Indices de la tabla `tb_encomienda_det`
--
ALTER TABLE `tb_encomienda_det`
  ADD PRIMARY KEY (`id_encomienda_det`) USING BTREE;

--
-- Indices de la tabla `tb_estado_bus`
--
ALTER TABLE `tb_estado_bus`
  ADD PRIMARY KEY (`id_estado`) USING BTREE;

--
-- Indices de la tabla `tb_facturacion_cab`
--
ALTER TABLE `tb_facturacion_cab`
  ADD PRIMARY KEY (`id_facturacion`) USING BTREE;

--
-- Indices de la tabla `tb_facturacion_det`
--
ALTER TABLE `tb_facturacion_det`
  ADD PRIMARY KEY (`id_facturacion_det`) USING BTREE;

--
-- Indices de la tabla `tb_liquidacion`
--
ALTER TABLE `tb_liquidacion`
  ADD PRIMARY KEY (`id_liquidacion`);

--
-- Indices de la tabla `tb_moneda`
--
ALTER TABLE `tb_moneda`
  ADD PRIMARY KEY (`id_moneda`) USING BTREE;

--
-- Indices de la tabla `tb_producto`
--
ALTER TABLE `tb_producto`
  ADD PRIMARY KEY (`id_producto`) USING BTREE;

--
-- Indices de la tabla `tb_proveedor`
--
ALTER TABLE `tb_proveedor`
  ADD PRIMARY KEY (`id_proveedor`) USING BTREE;

--
-- Indices de la tabla `tb_reservas_cab`
--
ALTER TABLE `tb_reservas_cab`
  ADD PRIMARY KEY (`id_reservas`) USING BTREE;

--
-- Indices de la tabla `tb_reservas_det`
--
ALTER TABLE `tb_reservas_det`
  ADD PRIMARY KEY (`id_reservas_det`) USING BTREE;

--
-- Indices de la tabla `tb_sucursales`
--
ALTER TABLE `tb_sucursales`
  ADD PRIMARY KEY (`id_sucursal`) USING BTREE;

--
-- Indices de la tabla `tb_tipo_documentos`
--
ALTER TABLE `tb_tipo_documentos`
  ADD PRIMARY KEY (`id_tipo_documento`) USING BTREE;

--
-- Indices de la tabla `tb_tipo_personas`
--
ALTER TABLE `tb_tipo_personas`
  ADD PRIMARY KEY (`id_tipo_persona`) USING BTREE;

--
-- Indices de la tabla `tb_unidad_medida`
--
ALTER TABLE `tb_unidad_medida`
  ADD PRIMARY KEY (`id_unidad_medida`) USING BTREE;

--
-- Indices de la tabla `tb_usuarios`
--
ALTER TABLE `tb_usuarios`
  ADD PRIMARY KEY (`id_usuario`) USING BTREE;

--
-- Indices de la tabla `tmp`
--
ALTER TABLE `tmp`
  ADD PRIMARY KEY (`id_tmp`) USING BTREE;

--
-- AUTO_INCREMENT de las tablas volcadas
--

--
-- AUTO_INCREMENT de la tabla `correlativos`
--
ALTER TABLE `correlativos`
  MODIFY `id_correlativo` int(11) NOT NULL AUTO_INCREMENT, AUTO_INCREMENT=2;

--
-- AUTO_INCREMENT de la tabla `tb_buses`
--
ALTER TABLE `tb_buses`
  MODIFY `id_bus` int(11) NOT NULL AUTO_INCREMENT, AUTO_INCREMENT=57;

--
-- AUTO_INCREMENT de la tabla `tb_buses_det`
--
ALTER TABLE `tb_buses_det`
  MODIFY `id_buses_det` int(11) NOT NULL AUTO_INCREMENT, AUTO_INCREMENT=844;

--
-- AUTO_INCREMENT de la tabla `tb_categoria`
--
ALTER TABLE `tb_categoria`
  MODIFY `id_categoria` int(11) NOT NULL AUTO_INCREMENT, AUTO_INCREMENT=5;

--
-- AUTO_INCREMENT de la tabla `tb_cliente`
--
ALTER TABLE `tb_cliente`
  MODIFY `id_cliente` int(11) NOT NULL AUTO_INCREMENT, AUTO_INCREMENT=15574;

--
-- AUTO_INCREMENT de la tabla `tb_codumento_indentidad`
--
ALTER TABLE `tb_codumento_indentidad`
  MODIFY `id_tipo_documento_identidad` int(11) NOT NULL AUTO_INCREMENT, AUTO_INCREMENT=9;

--
-- AUTO_INCREMENT de la tabla `tb_control_asientos`
--
ALTER TABLE `tb_control_asientos`
  MODIFY `id_control_asientos` int(11) NOT NULL AUTO_INCREMENT, AUTO_INCREMENT=23900;

--
-- AUTO_INCREMENT de la tabla `tb_empresa`
--
ALTER TABLE `tb_empresa`
  MODIFY `id_empresa` int(11) NOT NULL AUTO_INCREMENT, AUTO_INCREMENT=3;

--
-- AUTO_INCREMENT de la tabla `tb_encomienda_cab`
--
ALTER TABLE `tb_encomienda_cab`
  MODIFY `id_encomienda` int(11) NOT NULL AUTO_INCREMENT, AUTO_INCREMENT=2;

--
-- AUTO_INCREMENT de la tabla `tb_encomienda_det`
--
ALTER TABLE `tb_encomienda_det`
  MODIFY `id_encomienda_det` int(11) NOT NULL AUTO_INCREMENT, AUTO_INCREMENT=2;

--
-- AUTO_INCREMENT de la tabla `tb_estado_bus`
--
ALTER TABLE `tb_estado_bus`
  MODIFY `id_estado` int(11) NOT NULL AUTO_INCREMENT, AUTO_INCREMENT=2;

--
-- AUTO_INCREMENT de la tabla `tb_facturacion_cab`
--
ALTER TABLE `tb_facturacion_cab`
  MODIFY `id_facturacion` int(11) NOT NULL AUTO_INCREMENT, AUTO_INCREMENT=2;

--
-- AUTO_INCREMENT de la tabla `tb_facturacion_det`
--
ALTER TABLE `tb_facturacion_det`
  MODIFY `id_facturacion_det` int(11) NOT NULL AUTO_INCREMENT, AUTO_INCREMENT=2;

--
-- AUTO_INCREMENT de la tabla `tb_liquidacion`
--
ALTER TABLE `tb_liquidacion`
  MODIFY `id_liquidacion` int(11) NOT NULL AUTO_INCREMENT, AUTO_INCREMENT=22;

--
-- AUTO_INCREMENT de la tabla `tb_moneda`
--
ALTER TABLE `tb_moneda`
  MODIFY `id_moneda` int(11) NOT NULL AUTO_INCREMENT, AUTO_INCREMENT=4;

--
-- AUTO_INCREMENT de la tabla `tb_producto`
--
ALTER TABLE `tb_producto`
  MODIFY `id_producto` int(11) NOT NULL AUTO_INCREMENT, AUTO_INCREMENT=8;

--
-- AUTO_INCREMENT de la tabla `tb_proveedor`
--
ALTER TABLE `tb_proveedor`
  MODIFY `id_proveedor` int(11) NOT NULL AUTO_INCREMENT;

--
-- AUTO_INCREMENT de la tabla `tb_reservas_cab`
--
ALTER TABLE `tb_reservas_cab`
  MODIFY `id_reservas` int(11) NOT NULL AUTO_INCREMENT, AUTO_INCREMENT=4609;

--
-- AUTO_INCREMENT de la tabla `tb_reservas_det`
--
ALTER TABLE `tb_reservas_det`
  MODIFY `id_reservas_det` int(11) NOT NULL AUTO_INCREMENT, AUTO_INCREMENT=5448;

--
-- AUTO_INCREMENT de la tabla `tb_sucursales`
--
ALTER TABLE `tb_sucursales`
  MODIFY `id_sucursal` int(11) NOT NULL AUTO_INCREMENT, AUTO_INCREMENT=59;

--
-- AUTO_INCREMENT de la tabla `tb_tipo_documentos`
--
ALTER TABLE `tb_tipo_documentos`
  MODIFY `id_tipo_documento` int(11) NOT NULL AUTO_INCREMENT, AUTO_INCREMENT=10;

--
-- AUTO_INCREMENT de la tabla `tb_tipo_personas`
--
ALTER TABLE `tb_tipo_personas`
  MODIFY `id_tipo_persona` int(11) NOT NULL AUTO_INCREMENT, AUTO_INCREMENT=3;

--
-- AUTO_INCREMENT de la tabla `tb_unidad_medida`
--
ALTER TABLE `tb_unidad_medida`
  MODIFY `id_unidad_medida` int(11) NOT NULL AUTO_INCREMENT, AUTO_INCREMENT=100;

--
-- AUTO_INCREMENT de la tabla `tb_usuarios`
--
ALTER TABLE `tb_usuarios`
  MODIFY `id_usuario` int(11) NOT NULL AUTO_INCREMENT, AUTO_INCREMENT=44;

--
-- AUTO_INCREMENT de la tabla `tmp`
--
ALTER TABLE `tmp`
  MODIFY `id_tmp` int(11) NOT NULL AUTO_INCREMENT, AUTO_INCREMENT=44;
COMMIT;

/*!40101 SET CHARACTER_SET_CLIENT=@OLD_CHARACTER_SET_CLIENT */;
/*!40101 SET CHARACTER_SET_RESULTS=@OLD_CHARACTER_SET_RESULTS */;
/*!40101 SET COLLATION_CONNECTION=@OLD_COLLATION_CONNECTION */;
